id,date,project id,expense_item_id,expense_type_id,price,budget_type_id,currency_id,note
502,2015-01-01,2,21,1,11.5,1,1,dinner
503,2015-01-02,1,1,2,20,2,1,0
504,2015-01-02,2,13,1,2.5,1,1,football
505,2015-01-02,2,4,2,5.85,1,1,"pork, pasta"
506,2015-01-04,2,4,2,16.8,1,1,"pork, egg, milk, vegetables"
507,2015-01-05,1,19,1,931,2,1,salary
508,2015-01-05,2,4,2,1,1,1,lunch
509,2015-01-06,1,2,1,10,2,1,water server
510,2015-01-06,2,4,2,8.5,1,1,lunch
511,2015-01-06,1,8,2,6,2,1,helmet
512,2015-01-06,1,2,1,8.5,2,1,key for gate
513,2015-01-06,1,19,1,2500,2,1,Tsubasa salary
514,2015-01-07,2,4,2,1,1,1,lunch
515,2015-01-07,2,21,1,31.5,1,1,0
516,2015-01-07,2,21,1,65,1,1,0
517,2015-01-08,1,8,2,2.875,2,1,0
518,2015-01-08,2,3,2,8.2,1,1,cleaning goods
519,2015-01-08,1,8,2,2.75,2,1,0
520,2015-01-08,2,4,2,1,1,1,lunch
521,2015-01-09,2,4,2,1,1,1,lunch
522,2015-01-09,1,8,2,3,2,1,gas
523,2015-01-09,1,8,2,1.25,2,1,parking
524,2015-01-09,2,9,3,1.5,1,1,tip
525,2015-01-09,1,8,2,5,2,1,parking
526,2015-01-10,2,4,2,11.3,1,1,"meat, egg, milk"
527,2015-01-10,2,7,3,10,1,1,0
528,2015-01-10,1,8,2,1,2,1,parking
529,2015-01-11,2,3,2,6.5,1,1,Renu
530,2015-01-11,2,4,2,3,1,1,juice
531,2015-01-11,2,14,1,1.5,1,1,0
532,2015-01-11,2,4,2,1,1,1,water
533,2015-01-11,1,8,2,2,2,1,parking
534,2015-01-11,2,21,1,20,1,1,tip
535,2015-01-11,2,21,1,10,1,1,tip
536,2015-01-11,2,21,1,10,1,1,tip
537,2015-01-12,2,4,2,1,1,1,lunch
538,2015-01-12,1,11,2,15,2,1,top up
539,2015-01-13,2,4,2,1,1,1,lunch
540,2015-01-13,1,2,1,40,2,1,name card BH
541,2015-01-13,2,13,1,35,1,1,chinning machine
542,2015-01-13,2,21,1,20,1,1,dinner
543,2015-01-14,2,4,2,1,1,1,lunch
544,2015-01-15,1,8,2,7,2,1,0
545,2015-01-15,2,4,2,2,1,1,lunch
546,2015-01-15,1,15,2,249,2,1,Internet
547,2015-01-15,2,4,2,24.95,1,1,"cheese, milk, banana, vanilla"
548,2015-01-15,1,8,2,0.375,2,1,parking
549,2015-01-15,2,21,1,15,1,1,dinner
550,2015-01-16,2,4,2,2,1,1,lunch
551,2015-01-16,1,8,2,5,2,1,gas
552,2015-01-16,2,21,1,30,1,1,dinner
553,2015-01-16,2,21,1,7.5,1,1,0
554,2015-01-16,1,8,2,0.375,2,1,parking
555,2015-01-17,1,8,2,0.25,2,1,parking
556,2015-01-17,2,10,1,10,1,1,lecture
557,2015-01-17,2,14,1,2,1,1,0
558,2015-01-17,2,10,1,12,1,1,0
559,2015-01-17,2,13,1,35,1,1,massage
560,2015-01-17,2,21,1,18,1,1,dinner
561,2015-01-18,2,21,1,14.75,1,1,lunch
562,2015-01-18,1,8,2,0.25,2,1,parking
563,2015-01-18,2,21,1,7.7,1,1,coffee
564,2015-01-18,2,2,1,250.8,1,1,"Shirts, slacks"
565,2015-01-18,2,2,1,163.4,1,1,"shoes, belt"
566,2015-01-18,2,4,2,4.9,1,1,coffee
567,2015-01-18,1,8,2,2.5,2,1,gas
568,2015-01-18,2,21,1,11.1,1,1,dinner
569,2015-01-18,1,8,2,0.25,2,1,parking
570,2015-01-19,1,1,2,715,2,1,0
571,2015-01-19,1,17,2,222,2,1,electricity
572,2015-01-19,1,18,2,6,2,1,water(2 month)
573,2015-01-19,1,2,1,6.8,2,1,"tissue, toilet paper"
574,2015-01-19,2,21,1,50,1,1,lunch
575,2015-01-19,2,10,1,7.6,1,1,books
576,2015-01-19,1,8,2,0.075,2,1,parking
577,2015-01-19,2,21,1,10.35,1,1,coffee
578,2015-01-19,2,21,1,10,1,1,coffee
579,2015-01-19,1,8,2,1.25,2,1,parking
580,2015-01-20,2,21,1,20,1,1,0
581,2015-01-20,1,8,2,0.25,2,1,parking
582,2015-01-20,2,3,2,29,1,1,hair cut
583,2015-01-20,2,4,2,7.5,1,1,0
584,2015-01-20,2,11,2,3,1,1,0
585,2015-01-20,2,7,3,150,1,1,0
586,2015-01-22,1,8,2,20,2,1,0
587,2015-01-23,2,6,2,120,1,1,hotel
588,2015-01-23,2,2,1,3,1,1,0
589,2015-01-23,1,8,2,0.25,2,1,parking
590,2015-01-23,1,8,2,2.6,2,1,gas
591,2015-01-20,1,19,1,250,2,1,suon salary
592,2015-01-24,2,4,2,7.85,1,1,0
593,2015-01-26,1,2,1,2,2,1,stamp pad
594,2015-01-26,1,2,1,12,2,1,LAN cable
595,2015-01-26,1,8,2,3,2,1,0
596,2015-01-26,2,21,1,1.5,1,1,tabaco
597,2015-01-26,2,14,1,0.5,1,1,0
598,2015-01-26,2,7,3,30,1,1,tip
599,2015-01-26,2,14,1,0.75,1,1,0
600,2015-01-26,1,8,2,0.4,2,1,0
601,2015-01-26,1,8,2,8,2,1,"Mr.Akamatsu, Mr.Nishizaka"
602,2015-01-26,2,4,2,1,1,1,lunch
603,2015-01-27,2,4,2,3,1,1,lunch
604,2015-01-27,1,8,2,5,2,1,0
605,2015-01-27,2,7,3,20,1,1,tip
606,2015-01-27,1,8,2,7,2,1,tuk tuk with mr.Nishizaka
607,2015-01-28,1,12,2,300,2,1,4tax and contract fee1
608,2015-01-28,1,8,2,1.5,2,1,0
609,2015-01-28,1,8,2,7,2,1,tuk tuk with mr.Nishizaka
610,2015-01-29,1,2,1,28,2,1,fix electricity
611,2015-01-29,1,2,1,23,2,1,fix electricity
612,2015-01-29,2,4,2,1,1,1,local food
613,2015-01-29,2,21,1,5,1,1,with Aoyamasan
614,2015-01-29,2,4,2,7.9,1,1,milk
615,2015-01-30,2,4,2,1,1,1,lunch
616,2015-01-31,2,4,2,1,1,1,lunch
617,2015-01-31,1,11,2,20,2,1,sim
618,2015-02-01,1,19,1,2500,2,1,Tsubasa
619,2015-02-02,2,4,2,1,1,1,lunch
620,2015-02-02,2,4,2,1.125,1,1,banana
621,2015-02-03,2,7,3,100,1,1,0
622,2015-02-03,1,8,2,0.25,2,1,parking
623,2015-02-03,1,8,2,0.25,2,1,parking
624,2015-02-04,1,12,2,200,2,1,tip for company registration
625,2015-02-04,2,4,2,1,1,1,lunch
626,2015-02-05,2,4,2,2,1,1,lunch
627,2015-02-05,2,9,3,741,1,1,bike compensation
628,2015-02-05,1,8,2,2.83,2,1,gas
629,2015-02-05,1,8,2,60,2,1,0
630,2015-02-05,1,2,1,40,2,1,HP Cartridge ink *4
631,2015-02-05,2,2,1,183,1,1,"HDD, HeadPhone, "
632,2015-02-05,1,2,1,3,2,1,print paper
633,2015-02-05,1,19,1,934,2,1,salary for 6
634,2015-02-06,1,2,1,9,2,1,water server
635,2015-02-07,2,4,2,1,1,1,lunch
636,2015-02-07,2,20,1,67.88,1,1,dinner
637,2015-02-07,1,8,2,0.25,2,1,parking
638,2015-02-07,2,14,1,1,1,1,killing field
639,2015-02-07,2,20,1,52,1,1,club
640,2015-02-07,2,9,3,10,1,1,tip for two
641,2015-02-09,2,4,2,1,1,1,lunch
642,2015-02-10,1,2,1,8.5,2,1,LanCable 5M
643,2015-02-10,2,4,2,1,1,1,lunch
644,2015-02-11,1,8,2,0.7,2,1,gas
645,2015-02-11,1,2,1,2.625,2,1,post office
646,2015-02-11,2,4,2,7,1,1,lunch
647,2015-02-12,2,20,1,22,1,1,lunch with staff
648,2015-02-12,2,7,3,164.59,1,1,bgerdain
649,2015-02-12,1,8,2,0.5,2,1,parking
650,2015-02-13,2,4,2,1,1,1,lunch
651,2015-02-13,1,2,1,24,2,1,Lan cable 19M
652,2015-02-13,1,2,1,58,2,1,Switch HUB 8Port
653,2015-02-14,2,7,3,190,1,1,prince
654,2015-02-15,2,7,3,20.5,1,1,prince
655,2015-02-15,1,8,2,3.2,2,1,gas
656,2015-02-15,2,4,2,10,1,1,dinner
657,2015-02-14,2,21,1,10,1,1,en
658,2015-02-16,2,4,2,1,1,1,lunch
659,2015-02-16,2,4,2,10.75,1,1,milk
660,2015-02-17,1,1,2,715,2,1,0
661,2015-02-17,1,17,2,204,2,1,electrycity
662,2015-02-17,1,15,2,249,2,1,opennet
663,2015-02-17,2,4,2,14.7,1,1,honey
664,2015-02-17,1,2,1,1,2,1,plastic bag
665,2015-02-18,2,4,2,1,1,1,lunch
666,2015-02-19,2,4,2,1,1,1,lunch
667,2015-02-20,1,8,2,5,2,1,tuktuk
668,2015-02-20,1,8,2,7,2,1,taxi
669,2015-02-20,1,19,1,300,2,1,soun
670,2015-02-21,2,21,1,30,1,1,ajisen ramen
671,2015-02-21,1,2,1,1220,2,1,"PC 500, monitor 110"
672,2015-02-22,2,21,1,17.5,1,1,lunch with tanaka san
673,2015-02-22,2,4,2,4.2,1,1,milk
674,2015-02-23,2,4,2,1,1,1,lunch
675,2015-02-24,2,4,2,1,1,1,lunch
676,2015-02-25,2,4,2,1,1,1,lunch
677,2015-02-25,2,2,1,18,1,1,aloma candle
678,2015-02-25,1,12,2,250,2,1,patent certificate
679,2015-02-25,1,12,2,50,2,1,tax
680,2015-02-25,1,12,2,150,2,1,tip
681,2015-02-25,1,8,2,0.25,2,1,parking
682,2015-02-26,2,4,2,1,1,1,lunch
683,2015-02-26,2,2,1,5,1,1,frame
684,2015-02-26,1,2,1,5,2,1,plastic bag
685,2015-02-27,2,4,2,1,1,1,lunch
686,2015-02-27,2,21,1,20,1,1,intercontinental
687,2015-02-28,1,11,2,35,2,1,top card
688,2015-02-27,2,4,2,10,1,1,dinner
689,2015-02-28,2,3,2,28,1,1,hair cut
690,2015-03-01,1,8,2,60,2,1,rental
691,2015-03-01,2,4,2,23.3,1,1,"milk, snacks, "
692,2015-03-01,1,19,1,2500,2,1,Tsubasa
693,2015-03-02,2,20,1,23,1,1,lunch with all staff
694,2015-03-02,1,2,1,50,2,1,repair air conditioner
695,2015-03-03,2,4,2,1,1,1,lunch
696,2015-03-04,2,4,2,1,1,1,lunch
697,2015-03-05,2,4,2,1,1,1,lunch
698,2015-03-05,1,8,2,0.125,2,1,parking at water supply
699,2015-03-05,1,19,1,943,2,1,salary
700,2015-03-05,1,18,2,8.3875,2,1,water 12/20-2/13
701,2015-03-05,2,21,1,50,1,1,tip for prince
702,2015-03-05,1,8,2,3.3,2,1,gas
703,2015-03-06,2,4,2,1,1,1,lunch
704,2015-03-06,1,20,1,27.38,2,1,birthday cake
705,2015-03-06,1,20,1,80,2,1,welcome party
706,2015-03-06,2,20,1,130,1,1,welcome party
707,2015-03-06,2,9,3,22,1,1,tip
708,2015-03-07,2,4,2,16.85,1,1,"milk, oil, banana"
709,2015-03-08,2,4,2,10,1,1,dinner
710,2015-03-09,1,2,1,9,2,1,water server
711,2015-03-08,2,13,1,5.5,1,1,footsal
712,2015-03-08,2,4,2,0.5,1,1,fruits juice
713,2015-03-10,2,4,2,1,1,1,lunch
714,2015-03-11,2,4,2,1,1,1,lunch
715,2015-03-12,2,4,2,1,1,1,lunch
716,2015-03-11,2,21,1,10,1,1,tshirts
717,2015-03-11,2,13,1,6,1,1,footsal
718,2015-03-12,2,13,1,6,1,1,footsal
719,2015-03-12,2,20,1,5,1,1,footsal
720,2015-03-12,2,20,1,6,1,1,juice
721,2015-03-13,2,4,2,1,1,1,lunch
722,2015-03-13,1,8,2,0.125,2,1,parking
723,2015-03-14,1,11,2,10,2,1,top up
724,2015-03-14,2,13,1,20,1,1,massage
725,2015-03-15,2,21,1,1,1,1,coffee
726,2015-03-15,2,21,1,50,1,1,wedding
727,2015-03-13,2,4,2,3.95,1,1,milk
728,2015-03-16,2,4,2,1,1,1,lunch
729,2015-03-16,1,15,2,249,2,1,opennet
730,2015-03-16,2,4,2,9.9,1,1,"milk, candy, baking powder"
731,2015-03-17,2,4,2,1,1,1,lunch
732,2015-03-17,2,10,1,10.75,1,1,magazines
733,2015-03-17,2,2,1,5.7,1,1,"pen, seal"
734,2015-03-17,2,21,1,18,1,1,party with Kurata pepper
735,2015-03-17,2,8,2,11,1,1,taxi
736,2015-03-18,2,4,2,1,1,1,lunch
737,2015-03-18,2,4,2,15.9,1,1,"honey, teeth brush"
738,2015-03-19,2,4,2,1,1,1,lunch
739,2015-03-19,1,8,2,3.5,2,1,gas
740,2015-03-19,2,13,1,5.5,1,1,footsal
741,2015-03-20,2,4,2,1,1,1,lunch
742,2015-03-20,1,1,2,715,2,1,"house, gabbage"
743,2015-03-20,1,17,2,191.75,2,1,electricity
744,2015-03-20,1,11,2,25,2,1,top up
745,2015-03-20,1,8,2,5,2,1,tuktuk
746,2015-03-20,1,8,2,2,2,1,taxi
747,2015-03-20,2,21,1,10,1,1,saint lope
748,2015-03-20,1,8,2,6.5,2,1,taxi
749,2015-03-20,1,19,1,300,2,1,Pidour
750,2015-03-20,2,4,2,6.5,1,1,costa
751,2015-03-21,1,8,2,5,2,1,tuk
752,2015-03-21,2,4,2,3.75,1,1,caffe bene
753,2015-03-21,2,3,2,20,1,1,cleansing
754,2015-03-21,2,21,1,15,1,1,Honda
755,2015-03-21,2,14,1,1,1,1,tip
756,2015-03-21,2,9,3,5,1,1,tip
757,2015-03-21,2,7,3,80,1,1,club
758,2015-03-22,2,4,2,2,1,1,pho
759,2015-03-22,2,21,1,16,1,1,caf?
760,2015-03-22,2,4,2,2,1,1,toul les jour
761,2015-03-22,2,4,2,2,1,1,toul les jour
762,2015-03-23,2,4,2,1,1,1,lunch
763,2015-03-20,2,4,2,10,1,1,dinner
764,2015-03-23,2,4,2,8.5,1,1,"coffee, milk"
765,2015-03-24,2,9,3,10,1,1,police
766,2015-03-24,2,21,1,18,1,1,Piccola
767,2015-03-25,2,4,2,1,1,1,lunch
768,2015-03-25,2,21,1,40,1,1,dinner
769,2015-03-26,2,21,1,5.85,1,1,lunch
770,2015-03-26,2,3,2,10.75,1,1,pharmacy
771,2015-03-26,2,20,1,90,1,1,party with nukata teacher
772,2015-03-26,2,4,2,6,1,1,carrot juice
773,2015-03-27,2,4,2,1,1,1,lunch
774,2015-03-27,2,4,2,8.4,1,1,milk
775,2015-03-27,2,3,2,0.5,1,1,cleaning
776,2015-03-28,2,2,1,2.5,1,1,key
777,2015-03-28,1,8,2,3.85,2,1,gas
778,2015-03-28,2,13,1,8,1,1,football
779,2015-03-30,2,4,2,1,1,1,lunch
780,2015-03-31,2,21,1,5,1,1,dinner
781,2015-03-31,2,20,1,23,1,1,lunch
782,2015-03-31,1,12,2,50,2,1,tax
783,2015-04-01,1,19,1,2500,2,1,0
784,2015-04-01,2,4,2,5.8,1,1,0
785,2015-04-01,2,20,1,30,1,1,dinner
786,2015-04-01,2,20,1,20.625,1,1,0
787,2015-04-01,1,8,2,10,2,1,bus
788,2015-04-01,2,4,2,10,1,1,lunch
789,2015-04-01,2,16,2,300,1,1,$ to VND
790,2015-04-01,2,21,1,100,1,1,0
791,2015-04-01,2,21,1,10,1,1,0
792,2015-04-05,2,8,2,13,1,1,taxi to airport
793,2015-04-05,2,8,2,10,1,1,tuk tuk
794,2015-04-05,2,21,1,35,1,1,visa for akito
795,2015-04-05,2,21,1,17,1,1,dinner with akito
796,2015-04-06,2,4,2,1,1,1,lunch
797,2015-04-06,2,21,1,1,1,1,lunch
798,2015-04-06,1,2,1,34,2,1,"water bottle 5, + 9"
799,2015-04-06,2,2,1,5.25,1,1,"envelope, milk"
800,2015-04-06,1,19,1,1469,2,1,0
801,2015-04-06,2,21,1,103,1,1,0
802,2015-04-06,2,21,1,3,1,1,tuk tuk for akito
803,2015-04-06,2,4,2,20,1,1,dinner
804,2015-04-06,2,4,2,1,1,1,lunch
805,2015-04-07,2,21,1,56,1,1,woodball
806,2015-04-07,2,4,2,2.25,1,1,lunch
807,2015-04-08,2,4,2,1,1,1,lunch
808,2015-04-08,1,8,2,0.25,2,1,parking
809,2015-04-08,1,8,2,67,2,1,rental moto
810,2015-04-08,2,21,1,5,1,1,miyabi
811,2015-04-08,2,21,1,7.5,1,1,duplex
812,2015-04-08,2,21,1,95,1,1,miyabi
813,2015-04-08,2,21,1,10,1,1,piccora
814,2015-04-09,2,4,2,2,1,1,lunch
815,2015-04-09,2,20,1,20,1,1,footsal
816,2015-04-09,2,20,1,5,1,1,dinner
817,2015-04-10,2,21,1,10,1,1,lunch with Mr.sato
818,2015-04-10,2,4,2,4.2,1,1,digby's
819,2015-04-10,1,8,2,0.5,2,1,parking
820,2015-04-10,2,20,1,12,1,1,dinner
821,2015-04-10,2,21,1,50,1,1,K9
822,2015-04-11,2,4,2,1,1,1,lunch
823,2015-04-11,2,20,1,75.75,1,1,dinner with all
824,2015-04-11,2,20,1,148.75,1,1,club
825,2015-04-12,1,19,1,300,2,1,pidoar
826,2015-04-12,1,1,2,715,2,1,0
827,2015-04-12,1,17,2,273.875,2,1,electricity
828,2015-04-12,1,15,2,249,2,1,opennet
829,2015-04-12,2,21,1,20,1,1,dinner
830,2015-04-12,2,21,1,10,1,1,happy day
831,2015-04-12,2,7,3,40,1,1,0
832,2015-04-12,2,9,3,10,1,1,tip
833,2015-04-13,2,21,1,7.5,1,1,massage
834,2015-04-13,2,21,1,58.25,1,1,souvenir
835,2015-04-13,2,4,2,10.4,1,1,9 dragon
836,2015-04-14,2,4,2,5.5,1,1,dinner
837,2015-04-15,2,21,1,50,1,1,Tamasa
838,2015-04-16,2,4,2,5,1,1,lunch
839,2015-04-16,2,4,2,5.95,1,1,ice
840,2015-04-16,2,8,2,5,1,1,tuk
841,2015-04-16,2,4,2,10,1,1,dinner at airport
842,2015-04-23,2,4,2,10,1,1,china
843,2015-04-23,2,8,2,9,1,1,tuk
844,2015-04-23,2,13,1,8,1,1,footsal
845,2015-04-23,1,8,2,3.6,2,1,gas
846,2015-04-23,2,4,2,6.2,1,1,caf?
847,2015-04-24,2,3,2,28,1,1,hair cut
848,2015-04-24,2,4,2,3.95,1,1,milk
849,2015-04-25,2,4,2,1.5,1,1,water
850,2015-04-25,2,4,2,1,1,1,caf?
851,2015-04-25,2,13,1,18.125,1,1,footsal
852,2015-04-25,2,21,1,20,1,1,hibari
853,2015-04-25,2,2,1,5,1,1,SuiJoh coster
854,2015-04-26,1,8,2,5,2,1,tuk
855,2015-04-26,2,21,1,8.5,1,1,lunch
856,2015-04-26,2,4,2,8,1,1,lucnh
857,2015-04-26,2,3,2,148.3,1,1,AEON
858,2015-04-26,2,4,2,2.2,1,1,caf?
859,2015-04-26,1,8,2,1,2,1,to Diamond city
860,2015-04-26,2,21,1,50,1,1,wedding party
861,2015-04-26,2,4,2,6.5,1,1,ramen
862,2015-04-26,2,8,2,8.5,1,1,taxi
863,2015-04-27,2,4,2,8.6,1,1,coffee
864,2015-04-27,2,4,2,10,1,1,dinner
865,2015-04-28,2,4,2,1,1,1,lunch
866,2015-04-26,2,21,1,50,1,1,wedding
867,2015-04-28,2,4,2,10,1,1,dinner
868,2015-04-28,2,21,1,10,1,1,0
869,2015-04-28,2,4,2,10,1,1,dinner
870,2015-04-29,2,4,2,1,1,1,lunch
871,2015-04-29,1,3,2,15,2,1,gas
872,2015-04-30,2,4,2,1,1,1,lunch
873,2015-04-30,1,11,2,25,2,1,0
874,2015-04-30,1,12,2,50,2,1,0
875,2015-05-01,1,2,1,8,2,1,water server
876,2015-05-01,2,4,2,3.5,1,1,lunch
877,2015-05-01,2,21,1,28,1,1,dinner
878,2015-05-02,1,8,2,6,2,1,tuk tuk
879,2015-05-02,1,8,2,8,2,1,taxi
880,2015-05-02,2,4,2,15.45,1,1,0
881,2015-05-02,2,4,2,8.4,1,1,0
882,2015-05-02,2,8,2,6,1,1,tuk
883,2015-05-02,2,8,2,6,1,1,tuk
884,2015-05-02,2,21,1,49,1,1,dinner
885,2015-05-03,2,4,2,2.5,1,1,lunch
886,2015-05-03,2,4,2,6.5,1,1,dinner
887,2015-05-04,2,4,2,1.25,1,1,lunch
888,2015-05-05,2,4,2,1,1,1,lunch
889,2015-05-05,1,19,1,1751,2,1,salary
890,2015-05-05,2,9,3,130,1,1,repair smart phone
891,2015-05-05,2,20,1,16.5,1,1,beer for Nang
892,2015-05-05,2,20,1,44,1,1,party for Nang
893,2015-05-05,2,4,2,9.75,1,1,"milk, ice"
894,2015-05-06,2,4,2,1,1,1,lunch
895,2015-05-07,2,20,1,15,1,1,staff lunch
896,2015-05-07,2,2,1,10,1,1,SIM card 20
897,2015-05-07,1,8,2,60,2,1,rental moto
898,2015-05-07,2,20,1,12,1,1,footsal
899,2015-05-07,2,13,1,3,1,1,footsal
900,2015-05-08,1,11,2,35,2,1,top up
901,2015-05-08,1,18,2,10,2,1,water
902,2015-05-08,2,2,1,6,1,1,DVI cable
903,2015-05-08,2,4,2,20.25,1,1,cofee ice cream juice
904,2015-05-09,2,4,2,10,1,1,dinner
905,2015-05-09,2,3,2,2.7,1,1,cleanser
906,2015-05-10,2,4,2,2,1,1,lunch
907,2015-05-11,2,4,2,1,1,1,lunch
908,2015-05-11,2,4,2,5,1,1,dinner
909,2015-05-11,2,20,1,100,1,1,club
910,2015-05-12,2,4,2,5.5,1,1,lunch
911,2015-05-12,2,4,2,10,1,1,"milk, ice"
912,2015-05-12,2,8,2,3,1,1,moto taxi
913,2015-05-12,2,21,1,51.5,1,1,honda sushi
914,2015-05-12,2,4,2,2.2,1,1,joma
915,2015-05-12,2,8,2,3,1,1,tuk tuk
916,2015-05-12,2,21,1,38.5,1,1,eclipse
917,2015-05-12,2,8,2,8.4,1,1,taxi
918,2015-05-13,2,21,1,10,1,1,dinner
919,2015-05-13,2,4,2,4,1,1,lunch
920,2015-05-14,2,21,1,50,1,1,spain dinner
921,2015-05-15,2,4,2,15,1,1,dinner
922,2015-05-16,2,4,2,3.8,1,1,smoothy
923,2015-05-16,2,7,3,6,1,1,darts
924,2015-05-16,2,7,3,24,1,1,darts
925,2015-05-16,2,4,2,20,1,1,dinner
926,2015-05-16,2,21,1,78,1,1,cony
927,2015-05-17,2,4,2,4.9,1,1,coffee and cake
928,2015-05-17,2,8,2,5,1,1,tuk tuk
929,2015-05-17,2,13,1,1,1,1,footsal
930,2015-05-17,2,21,1,4,1,1,cony
931,2015-05-17,2,4,2,4,1,1,dinner
932,2015-05-18,1,1,2,715,2,1,0
933,2015-05-18,1,15,2,249,2,1,0
934,2015-05-18,1,17,2,286.6,2,1,electricity
935,2015-05-01,1,19,1,2500,2,1,0
936,2015-05-31,1,12,2,50,2,1,tax
937,2015-05-18,2,4,2,20,1,1,dinner
938,2015-05-19,2,4,2,1,1,1,lunch
939,2015-05-18,2,4,2,1,1,1,lunch
940,2015-05-19,2,4,2,5,1,1,dinner
941,2015-05-20,2,4,2,1,1,1,lunch
942,2015-05-20,2,4,2,10,1,1,ice cream
943,2015-05-21,2,4,2,1,1,1,lunch
944,2015-05-21,2,4,2,3.25,1,1,banana
945,2015-05-21,2,13,1,5.5,1,1,footsal
946,2015-05-21,2,20,1,3,1,1,footsal
947,2015-05-21,2,8,2,3,1,1,tuk
948,2015-05-21,2,8,2,3,1,1,tuk
949,2015-05-21,2,21,1,126,1,1,cony
950,2015-05-21,2,4,2,15,1,1,pizza
951,2015-05-21,2,8,2,7.65,1,1,taxi
952,2015-05-22,2,4,2,1,1,1,lunch
953,2015-05-23,1,8,2,4,2,1,gas
954,2015-05-23,2,4,2,20,1,1,pizza
955,2015-05-23,2,4,2,4.2,1,1,milk
956,2015-05-23,2,4,2,10.5,1,1,dinner
957,2015-05-24,2,4,2,2.5,1,1,lunch
958,2015-05-25,2,4,2,1,1,1,lunch
959,2015-05-25,2,4,2,20,1,1,dinner
960,2015-05-23,2,2,1,14.98,1,1,"file, mini shelf"
961,2015-05-26,2,4,2,1,1,1,lunch
962,2015-05-26,2,4,2,10,1,1,ice cream
963,2015-05-27,2,4,2,1,1,1,lunch
964,2015-05-27,2,2,1,130,1,1,monitor
965,2015-05-27,2,4,2,5,1,1,dinner
966,2015-05-27,2,7,3,51,1,1,darts
967,2015-05-28,2,4,2,1,1,1,lunch
968,2015-05-29,2,4,2,1,1,1,lunch
969,2015-05-29,2,8,2,0.75,1,1,parking
970,2015-05-29,2,2,1,21,1,1,mattress
971,2015-05-30,2,4,2,1,1,1,lunch
972,2015-05-30,2,4,2,10,1,1,dinner
973,2015-05-30,2,4,2,2.95,1,1,"gam, lighter, vanilla essence"
974,2015-05-31,2,4,2,20,1,1,lunch
975,2015-05-31,2,13,1,4.875,1,1,footsal
976,2015-05-31,2,13,1,10,1,1,footsal
977,2015-05-31,2,4,2,5,1,1,dinner
978,2015-06-01,1,19,1,2500,2,1,0
979,2015-06-01,1,8,2,3.8,2,1,gas
980,2015-06-01,2,4,2,2.25,1,1,ABC bakery
981,2015-06-01,2,4,2,1,1,1,lunch
982,2015-06-01,2,4,2,2.2,1,1,milk
983,2015-06-01,2,16,2,81,1,1,10000‰~
984,2015-06-01,1,8,2,5,2,1,tuk
985,2015-06-01,2,8,2,3,1,1,tuk
986,2015-06-01,1,8,2,5.275,2,1,tuk
987,2015-06-02,1,2,1,13,2,1,water server
988,2015-06-01,2,4,2,5.5,1,1,zenzai
989,2015-06-03,2,8,2,5,1,1,tuk
990,2015-06-03,2,4,2,70,1,1,dinner with makoto yuka
991,2015-06-03,2,8,2,3,1,1,tuk
992,2015-06-03,2,8,2,4,1,1,tuk
993,2015-06-03,2,21,1,10.5,1,1,0
994,2015-06-03,2,8,2,3,1,1,tuk
995,2015-06-03,2,21,1,123,1,1,nova
996,2015-06-04,2,4,2,1,1,1,lunch
997,2015-06-04,2,8,2,3,1,1,moto
998,2015-06-04,2,21,1,25,1,1,dinner
999,2015-06-04,2,21,1,60,1,1,KTV
1000,2015-06-04,2,8,2,8.5,1,1,taxi
1001,2015-06-05,2,8,2,3,1,1,tuk
1002,2015-06-05,2,4,2,16,1,1,break fast
1003,2015-06-05,2,8,2,3,1,1,moto
1004,2015-06-05,1,19,1,1739,2,1,0
1005,2015-06-06,2,4,2,1,1,1,lunch
1006,2015-06-06,1,9,3,25,2,1,PC repair
1007,2015-06-06,2,4,2,5,1,1,0
1008,2015-06-06,2,4,2,10,1,1,milk
1009,2015-06-07,2,20,1,4,1,1,drink
1010,2015-06-07,2,20,1,50,1,1,wedding
1011,2015-06-07,2,21,1,20,1,1,Makoto
1012,2015-06-08,2,4,2,5,1,1,lunch
1013,2015-06-09,2,4,2,1,1,1,lunch
1014,2015-06-09,2,2,1,2.55,1,1,book mail
1015,2015-06-09,1,8,2,60,2,1,moto
1016,2015-06-09,2,4,2,8.5,1,1,dinner
1017,2015-06-09,2,4,2,10,1,1,dry fruits
1018,2015-06-10,2,4,2,1,1,1,lunch
1019,2015-06-10,2,4,2,9,1,1,dinner
1020,2015-06-11,2,8,2,0.25,1,1,parking
1021,2015-06-11,2,8,2,952,1,1,hawaii
1022,2015-06-11,2,8,2,0.375,1,1,parking
1023,2015-06-11,2,8,2,6,1,1,taxi
1024,2015-06-11,2,21,1,42.5,1,1,dinner with mr.Arai
1025,2015-06-11,2,8,2,1,1,1,tuk
1026,2015-06-11,2,8,2,2,1,1,tuk
1027,2015-06-12,2,9,3,72,1,1,airport baggage for shino
1028,2015-06-11,2,8,2,1,1,1,taxi
1029,2015-06-12,2,8,2,6,1,1,tuk
1030,2015-06-12,2,4,2,11,1,1,coconut oil
1031,2015-06-12,2,8,2,0.5,1,1,parking
1032,2015-06-12,2,4,2,17.6,1,1,dinner
1033,2015-06-12,2,8,2,0.375,1,1,parking
1034,2015-06-12,2,4,2,20,1,1,dinner
1035,2015-06-12,2,9,3,5,1,1,pawapuro
1036,2015-06-13,2,8,2,6,1,1,taxi
1037,2015-06-13,2,21,1,20,1,1,hidashiyama
1038,2015-06-14,2,8,2,1,1,1,moto
1039,2015-06-13,2,21,1,10,1,1,beer
1040,2015-06-14,2,8,2,5,1,1,tuk
1041,2015-06-14,2,4,2,3.5,1,1,lunch
1042,2015-06-14,2,3,2,7.15,1,1,cleaner
1043,2015-06-15,1,1,2,715,2,1,0
1044,2015-06-15,1,15,2,249,2,1,0
1045,2015-06-15,1,17,2,352.25,2,1,0
1046,2015-06-15,2,4,2,1,1,1,lunch
1047,2015-06-15,2,4,2,2,1,1,dinner
1048,2015-06-16,2,4,2,1,1,1,lunch
1049,2015-06-16,2,4,2,2,1,1,dinner
1050,2015-06-17,2,21,1,20,1,1,lunch with aoyama san
1051,2015-06-17,2,8,2,3.7,1,1,gas
1052,2015-06-17,2,4,2,3.95,1,1,milk
1053,2015-06-17,2,3,2,6.5,1,1,contact liquid
1054,2015-06-18,2,4,2,5,1,1,lunch
1055,2015-06-19,2,21,1,4.2,1,1,caffee
1056,2015-06-19,2,4,2,10,1,1,lunch
1057,2015-06-19,2,3,2,19.6,1,1,hair cut
1058,2015-06-19,2,8,2,0.25,1,1,parking
1059,2015-06-19,2,21,1,6,1,1,dinner
1060,2015-06-19,2,4,2,3.8,1,1,caffee
1061,2015-06-19,2,2,1,11.2,1,1,pen
1062,2015-06-19,2,8,2,0.05,1,1,parking
1063,2015-06-19,2,2,1,3.4,1,1,file
1064,2015-06-20,2,4,2,2.5,1,1,lunch
1065,2015-06-20,2,4,2,4,1,1,dinner
1066,2015-06-21,2,4,2,2.5,1,1,lunch
1067,2015-06-21,2,13,1,5.5,1,1,footsal
1068,2015-06-18,2,13,1,5.5,1,1,footsal
1069,2015-06-18,2,20,1,3,1,1,pidoar footsal
1070,2015-06-18,2,4,2,10,1,1,dinner
1071,2015-06-21,2,4,2,8.5,1,1,dinner
1072,2015-06-22,2,4,2,1,1,1,lunch
1073,2015-06-22,2,4,2,2.5,1,1,dinner
1074,2015-06-22,2,4,2,20,1,1,dinner to chhunlay
1075,2015-06-23,2,4,2,1,1,1,lunch
1076,2015-06-23,2,4,2,4,1,1,milk
1077,2015-06-24,2,4,2,7.5,1,1,dinner
1078,2015-06-24,2,21,1,25,1,1,Speech
1079,2015-06-24,2,7,3,20,1,1,tip
1080,2015-06-24,2,8,2,9,1,1,taxi
1081,2015-06-25,2,4,2,1,1,1,lunch
1082,2015-06-30,1,12,2,50,2,1,tax
1083,2015-06-26,2,4,2,1,1,1,lunch
1084,2015-06-27,2,4,2,4.5,1,1,lunch
1085,2015-06-27,2,4,2,3.95,1,1,milk
1086,2015-06-28,2,3,2,161,1,1,shoes
1087,2015-06-28,2,8,2,0.25,1,1,parking
1088,2015-06-28,2,4,2,13.75,1,1,coconuts
1089,2015-06-28,2,4,2,10,1,1,dinner
1090,2015-06-28,2,13,1,6,1,1,footsal
1091,2015-06-28,2,4,2,8.25,1,1,dinner
1092,2015-06-28,2,7,3,10,1,1,conny
1093,2015-06-28,2,3,2,25,1,1,shirts
1094,2015-06-29,2,4,2,1,1,1,lunch
1095,2015-06-30,2,4,2,1,1,1,lunch
1096,2015-06-30,1,11,2,35,2,1,top up card
1097,2015-06-30,2,2,1,16,1,1,credit card fee
1098,2015-06-30,2,2,1,17,1,1,buy template admin
1099,2015-06-30,2,2,1,18,1,1,buy template admin
1100,2015-06-30,2,6,2,566,1,1,hawaii hotel
1101,2015-07-01,2,4,2,1,1,1,lunch
1102,2015-07-01,2,9,3,0.6,1,1,credit card but I don't know why
1103,2015-07-01,1,19,1,2500,2,1,Tsubasa
1104,2015-07-02,2,4,2,1,1,1,lunch
1105,2015-07-03,2,4,2,1,1,1,lunch
1106,2015-07-03,1,19,1,1889,2,1,salary for staff
1107,2015-07-03,1,2,1,13,2,1,water server
1108,2015-07-03,2,9,3,5,1,1,tip for water supplier
1109,2015-07-04,2,3,2,32.65,1,1,coconut oil
1110,2015-07-04,2,3,2,10.9,1,1,sandle
1111,2015-07-04,2,4,2,3.4,1,1,coffee beans
1112,2015-07-04,2,13,1,8,1,1,football
1113,2015-07-04,2,13,1,1.5,1,1,drinks
1114,2015-07-06,2,9,3,10,1,1,dinner for makoto
1115,2015-07-07,2,16,2,130,1,1,"to Chinese Yen, $130=>808.6"
1116,2015-07-07,2,21,1,35,1,1,with september
1117,2015-07-07,2,13,1,15,1,1,massage
1118,2015-07-08,2,9,3,200,1,1,tea china
1119,2015-07-08,2,6,2,305.05,1,1,hotel
1120,2015-07-08,2,11,2,45.65,1,1,sim
1121,2015-07-08,2,20,1,14.64,1,1,souvenir
1122,2015-07-08,2,21,1,43.87,1,1,souvenir
1123,2015-07-08,2,20,1,25.58,1,1,souvenir
1124,2015-07-08,2,3,2,2.75,1,1,laundry
1125,2015-07-08,2,3,2,2.75,1,1,dry
1126,2015-07-09,1,8,2,5,2,1,taxi
1127,2015-07-09,2,16,2,780,1,1,780$ -> 100000JPY
1128,2015-07-09,1,8,2,7,2,1,taxi
1129,2015-07-09,2,6,2,1,1,1,bed making
1130,2015-07-10,2,6,2,2,1,1,bed making
1131,2015-07-10,1,8,2,7,2,1,taxi
1132,2015-07-10,2,4,2,60,1,1,yakiniku dinner
1133,2015-07-10,2,3,2,5.5,1,1,laundry
1134,2015-07-10,2,8,2,6,1,1,taxi
1135,2015-07-11,2,4,2,20,1,1,breakfast
1136,2015-07-11,2,6,2,2,1,1,bed making
1137,2015-07-11,2,11,2,30,1,1,top up sim
1138,2015-07-11,2,8,2,8,1,1,taxi
1139,2015-07-12,2,4,2,5.49,1,1,breakfast
1140,2015-07-12,2,6,2,2,1,1,bed making
1141,2015-07-12,2,3,2,5.75,1,1,laundry
1142,2015-07-12,2,4,2,19,1,1,lunch
1143,2015-07-12,2,21,1,20,1,1,pancake
1144,2015-07-12,2,21,1,100,1,1,dinner
1145,2015-07-12,2,21,1,12,1,1,souvenir
1146,2015-07-13,2,8,2,40,1,1,taxi
1147,2015-07-09,2,3,2,269.79,1,1,clothing
1148,2015-07-13,2,4,2,15.16,1,1,burger king
1149,2015-07-14,1,8,2,60,2,1,moto
1150,2015-07-14,2,21,1,20,1,1,dinner
1151,2015-07-15,2,21,1,43.9,1,1,lunch
1152,2015-07-16,1,1,2,715,2,1,0
1153,2015-07-16,1,15,2,249,2,1,0
1154,2015-07-16,1,18,2,22,2,1,water
1155,2015-07-16,1,17,2,296,2,1,electricity
1156,2015-07-17,2,4,2,12.05,1,1,0
1157,2015-07-17,2,4,2,20,1,1,dinner
1158,2015-07-20,2,4,2,6.05,1,1,0
1159,2015-07-20,2,7,3,20,1,1,0
1160,2015-07-21,2,4,2,3.5,1,1,lunch
1161,2015-07-21,1,2,1,1260,2,1,"PC 500, Monitor 130"
1162,2015-07-21,1,2,1,170,2,1,desk 32*5 deli 10
1163,2015-07-21,1,2,1,235,2,1,chair 47*5
1164,2015-07-21,2,4,2,7.55,1,1,"milk, nuts"
1165,2015-07-23,2,4,2,1,1,1,lunch
1166,2015-07-23,1,2,1,79,2,1,"Lan Cable 5m*3, 3m*5, Switch hub 49"
1167,2015-07-23,1,11,2,35,2,1,top up sim
1168,2015-07-24,2,4,2,1,1,1,lunch
1169,2015-07-24,1,2,1,55,2,1,EPS
1170,2015-07-24,1,20,1,85,2,1,party
1171,2015-07-25,2,4,2,14.5,1,1,dinner
1172,2015-07-26,2,2,1,15.7,1,1,"note, pen"
1173,2015-07-26,2,4,2,2.15,1,1,milk
1174,2015-07-26,2,4,2,2,1,1,coffee
1175,2015-07-26,2,4,2,3.8,1,1,bread
1176,2015-07-26,2,13,1,5.5,1,1,footsal
1177,2015-07-26,2,13,1,0.5,1,1,footsal
1178,2015-07-27,2,4,2,20,1,1,dinner
1179,2015-07-28,2,4,2,1,1,1,lunch
1180,2015-07-28,1,2,1,2,2,1,plastic bag
1181,2015-07-29,2,4,2,1.25,1,1,breakfast
1182,2015-07-29,2,4,2,1,1,1,lunch
1183,2015-07-29,2,13,1,20,1,1,j
1184,2015-07-29,2,4,2,16,1,1,french toast
1185,2015-07-30,2,4,2,1,1,1,lunch
1186,2015-07-31,2,4,2,1,1,1,lunch
1187,2015-07-31,1,12,2,50,2,1,tax
1188,2015-07-31,1,20,1,10,2,1,dinner
1189,2015-08-01,2,4,2,2.5,1,1,lunch
1190,2015-08-01,1,19,1,2500,2,1,tsubasa
1191,2015-08-02,2,13,1,5.5,1,1,footsal
1192,2015-08-02,2,4,2,5,1,1,dinner
1193,2015-08-03,1,8,2,3.5,2,1,gas
1194,2015-08-03,1,2,1,2.5,2,1,—X•Ö‹ÇŽóŽæ‚è
1195,2015-08-03,1,2,1,29,2,1,—X•Ö‹Ç”­‘—
1196,2015-08-03,2,4,2,7.25,1,1,lunch with employees
1197,2015-08-03,2,8,2,405,1,1,buy moto
1198,2015-08-03,1,8,2,5.275,2,1,change oil
1199,2015-08-03,2,4,2,5.4,1,1,milk
1200,2015-08-03,2,20,1,24.4,1,1,juice for staff
1201,2015-08-03,1,8,2,3.5,2,1,gas
1202,2015-08-03,2,21,1,6000,1,1,lend for Mr.Fukuda
1203,2015-08-03,1,8,2,3.5,2,1,gas
1204,2015-08-03,2,4,2,3.9,1,1,brown caffee
1205,2015-08-03,2,4,2,4.25,1,1,brown caffee
1206,2015-08-01,2,2,1,285.45,1,1,ƒAƒCƒfƒAƒJ[ƒh
1207,2015-08-01,2,10,1,16.34,1,1,amazon book
1208,2015-08-01,2,10,1,20.34,1,1,amazon book
1209,2015-08-01,2,10,1,18.19,1,1,amazon book
1210,2015-08-04,2,8,2,11,1,1,taxi
1211,2015-08-04,2,21,1,145,1,1,dinner
1212,2015-08-04,2,8,2,2.25,1,1,taxi
1213,2015-08-04,2,7,3,78.5,1,1,woodball
1214,2015-08-05,2,8,2,6,1,1,tuktuk
1215,2015-08-05,2,4,2,15.8,1,1,lunch
1216,2015-08-05,2,21,1,0.025,1,1,0
1217,2015-08-05,2,8,2,5,1,1,moto taxi
1218,2015-08-05,1,19,1,1843,2,1,salary not include tida
1219,2015-08-07,2,4,2,1,1,1,lunch
1220,2015-08-07,2,4,2,20,1,1,dinner
1221,2015-08-07,1,8,2,2.5,2,1,moto repair
1222,2015-08-07,1,8,2,1.5,2,1,moto sticker
1223,2015-08-07,2,4,2,12,1,1,dinner
1224,2015-08-07,2,4,2,4.9,1,1,caf?
1225,2015-08-10,2,4,2,3,1,1,lunch
1226,2015-08-11,2,4,2,1,1,1,lunch
1227,2015-08-11,1,2,1,14,2,1,water servrer
1228,2015-08-09,2,8,2,0.25,1,1,AEON
1229,2015-08-09,2,4,2,27.5,1,1,Coconut
1230,2015-08-09,2,4,2,6.8,1,1,caf? lunch
1231,2015-08-09,2,3,2,10,1,1,grow
1232,2015-08-09,2,4,2,4.3,1,1,caf?
1233,2015-08-09,2,13,1,6,1,1,football
1234,2015-08-09,2,21,1,8,1,1,dinner
1235,2015-08-12,2,4,2,1,1,1,0
1236,2015-08-12,2,4,2,5,1,1,milk
1237,2015-08-13,2,4,2,1,1,1,lunch
1238,2015-08-13,2,2,1,4.375,1,1,books delivery
1239,2015-08-13,2,4,2,3.95,1,1,milk
1240,2015-08-14,2,4,2,1,1,1,lunch
1241,2015-08-15,2,21,1,60,1,1,with kazutaka san
1242,2015-08-16,2,4,2,1,1,1,lunch
1243,2015-08-16,2,4,2,3.5,1,1,xotique
1244,2015-08-16,2,4,2,5.4,1,1,xotique
1245,2015-08-16,2,13,1,6,1,1,footsal
1246,2015-08-16,2,21,1,6,1,1,dinner
1247,2015-08-16,2,13,1,10,1,1,massage
1248,2015-08-17,2,4,2,1,1,1,lunch
1249,2015-08-18,2,4,2,1,1,1,lunch
1250,2015-08-18,2,4,2,2.625,1,1,snack
1251,2015-08-19,2,4,2,1,1,1,lunch
1252,2015-08-18,2,21,1,10,1,1,dinner with mr kazutaka
1253,2015-08-20,2,4,2,2.5,1,1,lunch
1254,2015-08-20,1,1,2,715,2,1,0
1255,2015-08-20,1,17,2,341,2,1,electricty
1256,2015-08-20,1,15,2,249,2,1,0
1257,2015-08-21,2,4,2,1,1,1,lunch
1258,2015-08-21,2,3,2,15.6,1,1,0
1259,2015-08-21,2,4,2,9,1,1,dinner
1260,2015-08-22,2,4,2,5,1,1,lunch
1261,2015-08-22,2,4,2,2,1,1,dinner
1262,2015-08-23,2,8,2,0.25,1,1,AEON
1263,2015-08-23,2,8,2,3.5,1,1,gas
1264,2015-08-23,2,4,2,6.8,1,1,lunch
1265,2015-08-23,2,21,1,15.5,1,1,0
1266,2015-08-23,2,13,1,5.5,1,1,football
1267,2015-08-23,2,8,2,429,1,1,HIS
1268,2015-08-24,2,8,2,7,1,1,tuk tuk
1269,2015-08-24,2,21,1,42,1,1,dinner
1270,2015-08-24,2,8,2,4,1,1,tuk
1271,2015-08-24,2,21,1,240,1,1,cony
1272,2015-08-24,2,8,2,8,1,1,tuk
1273,2015-08-24,2,3,2,1.2,1,1,0
1274,2015-08-25,2,8,2,23.25,1,1,moto repair
1275,2015-08-25,2,4,2,11.25,1,1,dinner
1276,2015-08-26,2,4,2,1,1,1,lunch
1277,2015-08-26,2,2,1,7,1,1,key
1278,2015-08-26,2,4,2,8.5,1,1,0
1279,2015-08-26,2,21,1,58.5,1,1,0
1280,2015-08-26,2,4,2,20,1,1,0
1281,2015-08-27,2,4,2,1,1,1,lunch
1282,2015-08-28,2,4,2,1,1,1,lunch
1283,2015-08-28,1,20,1,130,2,1,dinner
1284,2015-08-29,2,4,2,9.5,1,1,dinner
1285,2015-08-30,2,4,2,5.5,1,1,lunch
1286,2015-08-30,2,8,2,0.25,1,1,0
1287,2015-08-30,2,8,2,439,1,1,0
1288,2015-08-30,2,4,2,2.25,1,1,0
1289,2015-08-30,2,4,2,5.6,1,1,0
1290,2015-08-30,2,13,1,5.75,1,1,0
1291,2015-08-30,2,21,1,22,1,1,0
1292,2015-08-31,2,4,2,8.15,1,1,0
1293,2015-08-31,2,4,2,1,1,1,0
1294,2015-08-31,2,2,1,39,1,1,template
1295,2015-08-31,1,8,2,60,2,1,0
1296,2015-08-31,1,12,2,50,2,1,tax
1297,2015-08-31,1,11,2,35,2,1,call
1298,2015-09-01,2,4,2,1,1,1,lunch
1299,2015-09-01,1,19,1,2500,2,1,salary tsubasa
1300,2015-09-02,2,4,2,5,1,1,lunch
1301,2015-09-02,2,4,2,3.95,1,1,snacks
1302,2015-09-03,2,4,2,1,1,1,lunch
1303,2015-09-04,2,4,2,1,1,1,lunch
1304,2015-09-04,1,19,1,1949,2,1,salary
1305,2015-09-04,2,21,1,32.5,1,1,dinner
1306,2015-09-04,2,21,1,148.5,1,1,shige
1307,2015-09-06,2,2,1,61,1,1,Theme wp
1308,2015-09-06,2,4,2,11,1,1,lunch
1309,2015-09-06,2,3,2,1,1,1,rain coat
1310,2015-09-06,1,8,2,3.5,2,1,gas
1311,2015-09-06,1,8,2,4,2,1,helmet
1312,2015-09-06,2,4,2,6.4,1,1,0
1313,2015-09-06,2,13,1,5.75,1,1,footsal
1314,2015-09-07,2,4,2,1,1,1,lunch
1315,2015-09-07,1,18,2,21,2,1,water
1316,2015-09-08,2,21,1,150,1,1,cony
1317,2015-09-09,2,21,1,1,1,1,0
1318,2015-09-09,2,4,2,10,1,1,0
1319,2015-09-09,2,21,1,310,1,1,0
1320,2015-09-10,2,21,1,27.5,1,1,0
1321,2015-09-10,2,3,2,0.625,1,1,0
1322,2015-09-10,2,4,2,4.2,1,1,0
1323,2015-09-10,1,2,1,13,2,1,0
1324,2015-09-11,2,4,2,1,1,1,0
1325,2015-09-12,2,4,2,6.5,1,1,lunch
1326,2015-09-12,2,4,2,10,1,1,banana
1327,2015-09-12,2,4,2,12.55,1,1,coffee
1328,2015-09-12,1,2,1,8,2,1,plastic bag
1329,2015-09-13,1,8,2,3.5,2,1,gas
1330,2015-09-13,2,4,2,3.6,1,1,eric kyser
1331,2015-09-13,2,3,2,10,1,1,hair cut
1332,2015-09-13,2,4,2,4.6,1,1,exiotic
1333,2015-09-13,2,13,1,5.5,1,1,footsal
1334,2015-09-13,2,21,1,15,1,1,dinner
1335,2015-09-13,2,9,3,20,1,1,KTV
1336,2015-09-13,2,3,2,8.45,1,1,contact liquid
1337,2015-09-14,2,4,2,1,1,1,lunch
1338,2015-09-14,2,8,2,5,1,1,tuk
1339,2015-09-14,2,21,1,65,1,1,0
1340,2015-09-14,2,8,2,5,1,1,0
1341,2015-09-14,2,8,2,8.15,1,1,0
1342,2015-09-15,2,21,1,115,1,1,0
1343,2015-09-17,1,15,2,249,2,1,0
1344,2015-09-17,2,4,2,1,1,1,lunch
1345,2015-09-19,1,20,1,125,2,1,0
1346,2015-09-19,2,4,2,10.8,1,1,0
1347,2015-09-19,2,4,2,6.5,1,1,lunch
1348,2015-09-19,2,4,2,5,1,1,dinner
1349,2015-09-20,2,8,2,0.25,1,1,0
1350,2015-09-20,2,21,1,66.15,1,1,coconut oil
1351,2015-09-20,2,4,2,7.3,1,1,lunch
1352,2015-09-20,2,4,2,6.5,1,1,0
1353,2015-09-20,2,13,1,6,1,1,footsal
1354,2015-09-21,2,4,2,10.5,1,1,dinner
1355,2015-09-22,2,4,2,3,1,1,0
1356,2015-09-23,2,8,2,0.375,1,1,0
1357,2015-09-23,2,21,1,18,1,1,0
1358,2015-09-23,2,4,2,7,1,1,0
1359,2015-09-24,2,4,2,7.5,1,1,0
1360,2015-09-24,2,4,2,7,1,1,0
1361,2015-09-25,1,1,2,715,2,1,0
1362,2015-09-25,1,17,2,312.225,2,1,electricity
1363,2015-09-25,2,4,2,1,1,1,0
1364,2015-09-25,1,12,2,50,2,1,tax
1365,2015-09-25,2,9,3,205,1,1,tax
1366,2015-09-25,2,4,2,1.5,1,1,0
1367,2015-09-26,2,4,2,6.5,1,1,lunch
1368,2015-09-26,2,4,2,4,1,1,0
1369,2015-09-27,2,8,2,0.25,1,1,0
1370,2015-09-27,2,8,2,439,1,1,to Fukuoka
1371,2015-09-27,2,4,2,4.4,1,1,0
1372,2015-09-27,2,4,2,2.5,1,1,0
1373,2015-09-27,2,4,2,4,1,1,0
1374,2015-09-27,2,3,2,35,1,1,0
1375,2015-09-27,2,13,1,6,1,1,0
1376,2015-09-28,2,4,2,1,1,1,0
1377,2015-09-28,2,4,2,11.5,1,1,0
1378,2015-09-28,2,21,1,13.5,1,1,0
1379,2015-09-29,2,4,2,1,1,1,0
1380,2015-09-29,2,4,2,19,1,1,0
1381,2015-09-30,2,4,2,1,1,1,0
1382,2015-09-30,1,8,2,60,2,1,0
1383,2015-09-30,1,11,2,35,2,1,0
1384,2015-10-01,1,19,1,2500,2,1,Tsubasa
1385,2015-10-01,2,4,2,1,1,1,0
1386,2015-10-02,2,8,2,5,1,1,0
1387,2015-10-02,2,4,2,5,1,1,0
1388,2015-10-02,2,21,1,30,1,1,0
1389,2015-10-03,2,21,1,48,1,1,0
1390,2015-10-03,2,8,2,0,1,1,4$
1391,2015-10-03,2,16,2,600,1,1,600->72000JPY
1392,2015-10-03,1,8,2,5,2,1,tuk
1393,2015-10-03,2,4,2,6,1,1,0
1394,2015-10-03,2,4,2,4,1,1,0
1395,2015-10-03,2,4,2,10,1,1,0
1396,2015-10-03,2,4,2,10,1,1,0
1397,2015-10-05,2,4,2,11,1,1,0
1398,2015-10-05,1,8,2,5,2,1,tuk
1399,2015-10-05,1,2,1,8.5,2,1,frame for patent
1400,2015-10-06,1,2,1,13,2,1,water server
1401,2015-10-06,2,8,2,0.25,1,1,AEON
1402,2015-10-06,2,4,2,2.4,1,1,0
1403,2015-10-06,2,21,1,32.5,1,1,0
1404,2015-10-06,2,4,2,3.4,1,1,0
1405,2015-10-06,2,21,1,52.8,1,1,0
1406,2015-10-07,2,8,2,0.25,1,1,0
1407,2015-10-07,2,8,2,3,1,1,0
1408,2015-10-07,2,4,2,10,1,1,0
1409,2015-10-07,2,3,2,6.55,1,1,0
1410,2015-10-08,2,4,2,1,1,1,0
1411,2015-10-09,2,4,2,1,1,1,0
1412,2015-10-09,2,8,2,7,1,1,0
1413,2015-10-10,2,4,2,10,1,1,0
1414,2015-10-10,2,4,2,10.5,1,1,0
1415,2015-10-10,2,8,2,3.2,1,1,0
1416,2015-10-10,2,4,2,2,1,1,0
1417,2015-10-10,2,4,2,5.5,1,1,0
1418,2015-10-10,2,16,2,1000,1,1,0
1419,2015-10-18,2,4,2,10.5,1,1,0
1420,2015-10-18,2,4,2,26,1,1,0
1421,2015-10-19,1,15,2,249,2,1,0
1422,2015-10-19,1,12,2,50,2,1,0
1423,2015-10-19,1,1,2,715,2,1,0
1424,2015-10-19,1,17,2,274,2,1,0
1425,2015-10-20,1,8,2,0.375,2,1,0
1426,2015-10-20,2,21,1,8,1,1,0
1427,2015-10-20,1,8,2,15,2,1,taxi from airport
1428,2015-10-20,2,4,2,2,1,1,0
1429,2015-10-20,2,3,2,20,1,1,0
1430,2015-10-20,2,16,2,417,1,1,0
1431,2015-10-20,2,7,3,60,1,1,0
1432,2015-10-21,2,16,2,835,1,1,0
1433,2015-10-05,1,19,1,2155,2,1,staff salary
1434,2015-10-21,1,8,2,60,2,1,moto rental
1435,2015-10-21,1,8,2,10,2,1,0
1436,2015-10-21,1,20,1,30,2,1,0
1437,2015-10-21,2,21,1,2,1,1,0
1438,2015-10-21,1,8,2,5,2,1,0
1439,2015-10-22,1,8,2,5,2,1,0
1440,2015-10-22,2,21,1,25,1,1,0
1441,2015-10-22,2,4,2,1,1,1,0
1442,2015-10-22,2,4,2,8,1,1,0
1443,2015-10-22,2,21,1,5,1,1,0
1444,2015-10-22,1,8,2,0.375,2,1,0
1445,2015-10-22,2,9,3,0,1,1,31$
1446,2015-10-22,2,8,2,10,1,1,0
1447,2015-10-22,2,8,2,10,1,1,0
1448,2015-10-22,2,16,2,500,1,1,0
1449,2015-10-22,2,16,2,500,1,1,0
1450,2015-10-23,1,8,2,32,2,1,0
1451,2015-10-24,2,4,2,10,1,1,0
1452,2015-10-24,2,21,1,15,1,1,0
1453,2015-10-27,2,3,2,12.9,1,1,0
1454,2015-10-28,1,2,1,2041,2,1,"PC 625*3, Hub 35, Lan $5*3,$3*2, UPS 55*2"
1455,2015-10-28,1,2,1,13,2,1,water server
1456,2015-10-28,2,4,2,1,1,1,0
1457,2015-10-28,2,4,2,15,1,1,0
1458,2015-10-29,1,2,1,28,2,1,7$*4 Extention Cord
1459,2015-10-29,2,8,2,7.5,1,1,0
1460,2015-10-29,2,21,1,90,1,1,0
1461,2015-10-29,2,8,2,9.5,1,1,0
1462,2015-10-30,2,8,2,5,1,1,0
1463,2015-10-30,2,21,1,8.03,1,1,0
1464,2015-10-30,2,21,1,51,1,1,0
1465,2015-10-30,2,21,1,32.65,1,1,0
1466,2015-10-30,2,21,1,10,1,1,0
1467,2015-10-30,2,8,2,6,1,1,0
1468,2015-10-31,2,8,2,5,1,1,0
1469,2015-10-31,2,21,1,14.5,1,1,0
1470,2015-10-31,2,8,2,2,1,1,0
1471,2015-10-31,2,13,1,51,1,1,0
1472,2015-10-31,2,8,2,2,1,1,0
1473,2015-10-31,2,21,1,45,1,1,0
1474,2015-10-31,2,8,2,10,1,1,0
1475,2015-10-31,1,11,2,35,2,1,0
1476,2015-11-01,1,8,2,2,2,1,0
1477,2015-11-01,2,21,1,45,1,1,malis lunch
1478,2015-11-01,1,8,2,6,2,1,0
1479,2015-11-01,2,13,1,15.5,1,1,footsal
1480,2015-11-01,1,8,2,1.25,2,1,0
1481,2015-11-01,1,8,2,10,2,1,0
1482,2015-11-01,2,8,2,2.25,1,1,0
1483,2015-11-01,2,8,2,10,1,1,0
1484,2015-11-01,2,4,2,2.6,1,1,0
1485,2015-11-02,1,2,1,62,2,1,fan
1486,2015-11-02,2,2,1,6.9,1,1,cup for staff
1487,2015-11-02,2,4,2,1,1,1,0
1488,2015-11-03,2,4,2,1,1,1,0
1489,2015-11-03,1,19,1,2500,2,1,0
1490,2015-11-04,2,2,1,200,1,1,training instruments
1491,2015-11-04,2,4,2,1,1,1,0
1492,2015-11-04,2,4,2,10,1,1,0
1493,2015-11-05,2,4,2,13,1,1,0
1494,2015-11-05,1,19,1,2187,2,1,0
1495,2015-11-06,2,4,2,1,1,1,0
1496,2015-11-07,1,11,2,35,2,1,0
1497,2015-11-07,2,4,2,1,1,1,0
1498,2015-11-07,2,13,1,6.13,1,1,0
1499,2015-11-08,2,4,2,3.5,1,1,0
1500,2015-11-08,2,3,2,28.35,1,1,0
1501,2015-11-09,2,4,2,4,1,1,0
1502,2015-11-10,2,4,2,1,1,1,0
1503,2015-11-11,2,4,2,1,1,1,0
1504,2015-11-11,2,4,2,7.5,1,1,0
1505,2015-11-11,2,20,1,20.5,1,1,english books
1506,2015-11-11,2,21,1,31,1,1,0
1507,2015-11-12,1,18,2,18,2,1,0
1508,2015-11-12,1,2,1,13,2,1,water server
1509,2015-11-12,1,2,1,40,2,1,Ink
1510,2015-11-12,2,4,2,10,1,1,0
1511,2015-11-13,2,4,2,1,1,1,0
1512,2015-11-11,1,8,2,0.25,2,1,post office
1513,2015-11-11,1,2,1,1.5,2,1,post office
1514,2015-11-14,2,4,2,1,1,1,0
1515,2015-11-15,2,8,2,3,1,1,0
1516,2015-11-15,2,21,1,175,1,1,0
1517,2015-11-15,2,4,2,6.38,1,1,0
1518,2015-11-15,2,4,2,4.75,1,1,0
1519,2015-11-15,2,8,2,0.25,1,1,0
1520,2015-11-15,1,8,2,488,2,1,0
1521,2015-11-15,2,4,2,2.8,1,1,0
1522,2015-11-15,2,13,1,28,1,1,0
1523,2015-11-15,2,13,1,5.25,1,1,0
1524,2015-11-15,2,9,3,6.75,1,1,0
1525,2015-11-15,1,15,2,249,2,1,0
1526,2015-11-15,1,17,2,326,2,1,0
1527,2015-11-15,1,12,2,50,2,1,0
1528,2015-11-15,1,1,2,715,2,1,0
1529,2015-11-15,2,20,1,55,1,1,0
1530,2015-11-17,2,8,2,8,1,1,0
1531,2015-11-17,2,4,2,5,1,1,0
1532,2015-11-17,2,21,1,100,1,1,0
1533,2015-11-18,2,21,1,3,1,1,0
1534,2015-11-18,2,16,2,55,1,1,0
1535,2015-11-19,2,4,2,1,1,1,0
1536,2015-11-19,2,4,2,26.15,1,1,0
1537,2015-11-20,2,4,2,17,1,1,0
1538,2015-11-21,2,8,2,325,1,1,0
1539,2015-11-21,2,16,2,200,1,1,0
1540,2015-11-23,2,8,2,2,1,1,0
1541,2015-11-23,2,4,2,3.5,1,1,0
1542,2015-11-20,2,4,2,5.18,1,1,0
1543,2015-11-23,2,8,2,84.17,1,1,0
1544,2015-11-23,2,8,2,4,1,1,0
1545,2015-11-23,2,4,2,1.5,1,1,0
1546,2015-11-26,2,8,2,3,1,1,0
1547,2015-11-26,2,4,2,5.25,1,1,0
1548,2015-11-27,2,4,2,1,1,1,0
1549,2015-11-27,1,2,1,13,2,1,water server
1550,2015-11-28,2,4,2,1,1,1,0
1551,2015-11-29,2,4,2,10,1,1,0
1552,2015-11-29,2,3,2,5,1,1,0
1553,2015-11-30,1,8,2,60,2,1,moto rental
1554,2015-12-01,2,4,2,1,1,1,0
1555,2015-12-01,1,2,1,7,2,1,bulb
1556,2015-12-01,2,21,1,33,1,1,with mineshima san
1557,2015-12-02,2,4,2,1,1,1,0
1558,2015-12-03,2,4,2,1,1,1,0
1559,2015-12-03,1,8,2,2.5,2,1,0
1560,2015-12-04,2,4,2,28.7,1,1,0
1561,2015-12-04,2,2,1,30,1,1,name card
1562,2015-12-05,2,4,2,1,1,1,0
1563,2015-12-05,1,19,1,4988,2,1,0
1564,2015-12-05,2,13,1,20.29,1,1,0
1565,2015-12-06,2,3,2,10,1,1,hair cut
1566,2015-12-06,2,4,2,3.75,1,1,0
1567,2015-12-06,1,21,1,88.5,2,1,survenir
1568,2015-12-06,2,4,2,3.99,1,1,0
1569,2015-12-06,2,4,2,13,1,1,0
1570,2015-12-06,2,21,1,15.95,1,1,0
1571,2015-12-07,1,8,2,8,2,1,0
1572,2015-12-07,1,8,2,3,2,1,tuk to airport
1573,2015-12-07,2,21,1,180,1,1,souvenir
1574,2015-12-07,2,21,1,45,1,1,whisky
1575,2015-12-07,2,4,2,2.5,1,1,coca
1576,2015-12-14,1,8,2,5,2,1,tuku to hous
1577,2015-12-15,2,4,2,1,1,1,0
1578,2015-12-15,1,2,1,14,2,1,water server
1579,2015-12-15,1,12,2,50,2,1,0
1580,2015-12-15,1,17,2,346.52,2,1,0
1581,2015-12-15,1,1,2,710,2,1,0
1582,2015-12-15,1,15,2,249,2,1,0
1583,2015-12-16,1,12,2,298,2,1,visa extension
1584,2015-12-16,1,8,2,3,2,1,0
1585,2015-12-16,2,4,2,8.5,1,1,0
1586,2015-12-17,2,4,2,3,1,1,0
1587,2015-12-17,2,4,2,0.6,1,1,0
1588,2015-12-17,2,3,2,6.5,1,1,0
1589,2015-12-18,2,4,2,1,1,1,0
1590,2015-12-19,2,20,1,95,1,1,0
1591,2015-12-19,1,20,1,225,2,1,15*15=225
1592,2015-12-20,2,2,1,59,1,1,Geocode cambodia
1593,2015-12-20,2,8,2,7,1,1,tuk
1594,2015-12-20,2,3,2,31.5,1,1,pp case
1595,2015-12-20,2,8,2,2,1,1,0
1596,2015-12-20,2,21,1,7,1,1,0
1597,2015-12-20,2,8,2,3,1,1,0
1598,2015-12-20,2,21,1,10,1,1,0
1599,2015-12-20,2,8,2,7,1,1,0
1600,2015-12-21,2,4,2,1,1,1,0
1601,2015-12-21,2,2,1,44,1,1,HDD
1602,2015-12-21,2,4,2,10,1,1,0
1603,2015-12-22,2,4,2,1,1,1,0
1604,2015-12-23,2,4,2,1,1,1,0
1605,2015-12-23,1,2,1,9,2,1,mouse
1606,2015-12-23,1,2,1,20,2,1,air conditioner clean
1607,2015-12-24,2,13,1,5.75,1,1,0
1608,2015-12-24,2,21,1,16.5,1,1,0
1609,2015-12-24,2,21,1,32.25,1,1,0
1610,2015-12-24,2,3,2,13.15,1,1,"tissue, "
1611,2015-12-25,1,2,1,14,2,1,water server
1612,2015-12-25,2,8,2,6.5,1,1,0
1613,2015-12-25,2,21,1,50,1,1,0
1614,2015-12-25,2,8,2,8.4,1,1,0
1615,2015-12-26,2,4,2,2.5,1,1,0
1616,2015-12-26,2,4,2,1.7,1,1,0
1617,2015-12-26,2,8,2,5,1,1,0
1618,2015-12-26,2,4,2,8.45,1,1,0
1619,2015-12-26,2,21,1,61,1,1,0
1620,2015-12-26,2,10,1,86.42,1,1,0
1621,2015-12-29,2,3,2,56.62,1,1,0
1622,2015-12-29,2,21,1,24.87,1,1,0
1623,2015-12-30,2,3,2,4.23,1,1,0
1624,2015-12-30,1,11,2,35,2,1,0
1625,2015-12-30,1,8,2,60,2,1,rental moto
