"1";"GK00013";"nannpaheaven";"1";"2015-02-02";"1";"1";"20000";"50";"12";"0";"0";"NULL";"3";"20";"2015-01-30 09:00:00";"2015-02-02 12:40:00";"2015-01-30 08:16:00";"0000-00-00 00:00:00"
"2";"GK00014";"nannpaheaven";"1";"2015-02-05";"1";"1";"10000";"36";"6";"0";"0";"NULL";"3";"12";"2015-02-02 15:00:00";"2015-02-05 12:00:00";"2015-02-02 08:00:00";"0000-00-00 00:00:00"
"3";"GK0001";"tsukuba";"1";"2015-02-28";"2";"1";"19800";"120";"8";"0";"0";"NULL";"3";"20";"2015-02-05 13:30:00";"2015-02-09 17:00:00";"2015-02-09 08:00:00";"0000-00-00 00:00:00"
"4";"GK0002";"tsukuba";"1";"2015-02-28";"2";"1";"19800";"120";"8";"0";"0";"NULL";"3";"20";"2015-02-05 13:30:00";"2015-02-09 17:00:00";"2015-02-09 08:00:00";"0000-00-00 00:00:00"
"5";"GK0003";"tsukuba";"1";"2015-02-28";"2";"1";"19800";"120";"8";"0";"0";"NULL";"3";"17";"2015-02-05 13:30:00";"2015-02-09 14:25:00";"2015-02-09 08:00:00";"0000-00-00 00:00:00"
"6";"GK0004";"akasuri";"1";"2015-02-28";"1";"1";"82080";"240";"48";"0";"0";"NULL";"3";"33";"2015-02-05 13:30:00";"2015-02-11 14:18:00";"2015-02-13 08:00:00";"0000-00-00 00:00:00"
"7";"GK0006";"bazx008";"6";"2015-02-11";"2";"1";"19440";"120";"8";"0";"0";"NULL";"3";"24";"2015-02-09 14:07:00";"2015-02-12 13:30:00";"2015-02-10 08:00:00";"0000-00-00 00:00:00"
"8";"GK0009";"wosyuret_kouhen";"6";"2015-02-14";"2";"1";"19440";"120";"8";"0";"0";"NULL";"3";"19";"2015-02-10 12:00:00";"2015-02-12 14:25:00";"2015-02-12 08:00:00";"0000-00-00 00:00:00"
"9";"GK0007";"bazx005";"6";"2015-02-12";"2";"1";"19440";"120";"8";"0";"0";"NULL";"3";"26";"2015-02-10 08:00:00";"2015-02-12 17:30:00";"2015-02-11 08:00:00";"0000-00-00 00:00:00"
"10";"GK0008";"wosyuret";"6";"2015-02-14";"2";"1";"19440";"120";"8";"0";"0";"NULL";"3";"25";"2015-02-10 15:30:00";"2015-02-16 08:00:00";"2015-02-13 08:00:00";"0000-00-00 00:00:00"
"11";"GK0005";"bazooka_kodukuri";"1";"2015-02-16";"1";"1";"82080";"240";"48";"0";"0";"NULL";"3";"61";"2015-02-10 15:30:00";"2015-02-20 12:00:00";"2015-02-18 08:00:00";"0000-00-00 00:00:00"
"12";"GK0010";"bazooka_keiren";"1";"2015-02-18";"1";"1";"82080";"240";"48";"0";"0";"NULL";"3";"55";"2015-02-11 15:08:00";"2015-02-20 13:39:00";"2015-02-18 08:00:00";"0000-00-00 00:00:00"
"13";"GK0012";"himitsu_kyousei";"1";"2015-03-02";"1";"1";"41040";"120";"24";"0";"0";"NULL";"3";"28";"2015-02-20 15:00:00";"2015-02-25 13:51:00";"2015-02-25 08:00:00";"0000-00-00 00:00:00"
"14";"GK0013";"tomono";"3";"2015-02-27";"2";"1";"9720";"60";"4";"0";"0";"NULL";"3";"17";"2015-02-24 08:00:00";"2015-02-25 17:00:00";"2015-02-25 08:00:00";"0000-00-00 00:00:00"
"15";"GK0014";"tomono";"3";"2015-02-27";"2";"1";"9720";"60";"4";"0";"0";"NULL";"3";"10";"2015-02-24 08:00:00";"2015-02-25 09:27:00";"2015-02-25 08:00:00";"0000-00-00 00:00:00"
"16";"GK0015";"hosino";"3";"2015-02-27";"2";"1";"14580";"90";"6";"0";"0";"NULL";"3";"20";"2015-02-24 08:00:00";"2015-02-26 11:21:00";"2015-02-25 08:00:00";"0000-00-00 00:00:00"
"17";"GK0016";"NTSU";"5";"2015-03-13";"2";"1";"38880";"240";"16";"0";"0";"NULL";"3";"14";"2015-02-25 09:27:00";"2015-02-26 15:25:00";"2015-02-27 08:00:00";"0000-00-00 00:00:00"
"18";"GK0011";"scoop mansyon";"1";"2015-03-03";"1";"1";"82080";"240";"48";"0";"0";"NULL";"3";"68";"2015-02-17 13:15:00";"2015-02-27 17:00:00";"2015-02-25 08:00:00";"0000-00-00 00:00:00"
"19";"GK0017";"ucyuu natsume";"1";"2015-03-12";"1";"1";"23750";"150";"30";"0";"0";"NULL";"3";"62";"2015-02-27 12:00:00";"2015-03-11 12:03:00";"2015-03-05 08:00:00";"0000-00-00 00:00:00"
"20";"GK0019";"ODFP R-1";"7";"2015-03-11";"1";"1";"41040";"120";"24";"0";"0";"NULL";"3";"38";"2015-03-03 15:56:00";"2015-03-11 13:35:00";"2015-03-06 08:00:00";"0000-00-00 00:00:00"
"21";"GK0020";"ODFP R-2";"7";"2015-03-11";"1";"1";"41040";"120";"24";"0";"0";"NULL";"3";"41";"2015-03-03 16:20:00";"2015-03-11 13:14:00";"2015-03-06 08:00:00";"0000-00-00 00:00:00"
"22";"GK0018";"call girl";"1";"2015-03-16";"1";"1";"38000";"240";"48";"0";"0";"NULL";"3";"60";"2015-03-03 13:30:00";"2015-03-13 17:00:00";"2015-03-10 08:00:00";"0000-00-00 00:00:00"
"23";"GK0021";"fuyutsuki";"3";"2015-03-17";"2";"1";"19440";"120";"8";"0";"0";"NULL";"3";"33";"2015-03-12 08:00:00";"2015-03-17 14:51:00";"2015-03-13 08:00:00";"0000-00-00 00:00:00"
"24";"GK0022";"uehara";"3";"2015-03-17";"2";"1";"19440";"120";"8";"0";"0";"NULL";"3";"35";"2015-03-12 08:00:00";"2015-03-17 17:10:00";"2015-03-13 08:00:00";"0000-00-00 00:00:00"
"25";"GK0023";"AV debut";"3";"2015-03-17";"2";"1";"19440";"120";"8";"0";"0";"NULL";"3";"32";"2015-03-12 08:00:00";"2015-03-17 09:24:00";"2015-03-13 08:00:00";"0000-00-00 00:00:00"
"26";"GK0024";"morino";"3";"2015-03-17";"2";"1";"19440";"120";"8";"0";"0";"NULL";"3";"24";"2015-03-12 12:00:00";"2015-03-17 08:59:00";"2015-03-16 08:00:00";"0000-00-00 00:00:00"
"27";"GK0025";"enkou";"4";"2015-03-24";"1";"1";"41040";"120";"24";"0";"0";"NULL";"3";"32";"2015-03-17 09:30:00";"2015-03-23 09:06:00";"2015-03-23 08:00:00";"0000-00-00 00:00:00"
"28";"GK0027";"babamegane R-1";"1";"2015-03-23";"1";"1";"6300";"40";"8";"0";"0";"NULL";"3";"19";"2015-03-18 16:00:00";"2015-03-23 10:44:00";"2015-03-23 08:00:00";"0000-00-00 00:00:00"
"29";"GK0026";"cyoukyou";"4";"2015-03-24";"1";"1";"41040";"120";"24";"0";"0";"NULL";"3";"56";"2015-03-17 09:30:00";"2015-03-25 17:02:00";"2015-03-23 08:00:00";"0000-00-00 00:00:00"
"30";"GK0030";"NTSU-032";"5";"2015-03-27";"2";"1";"38880";"240";"16";"0";"0";"NULL";"3";"17";"2015-03-24 08:00:00";"2015-03-25 17:02:00";"2015-03-26 08:00:00";"0000-00-00 00:00:00"
"31";"GK0029";"babamegane R-2";"1";"2015-03-25";"1";"1";"6300";"40";"8";"0";"0";"NULL";"3";"23";"2015-03-23 12:00:00";"2015-03-26 10:39:00";"2015-03-24 08:00:00";"0000-00-00 00:00:00"
"32";"GK0031";"mensetsu";"4";"2015-03-31";"1";"1";"41040";"120";"24";"0";"0";"NULL";"3";"33";"2015-03-24 15:00:00";"2015-03-30 15:45:00";"2015-03-27 08:00:00";"0000-00-00 00:00:00"
"33";"GK0035";"babamegane R-3";"1";"2015-03-31";"1";"1";"6300";"40";"24";"0";"0";"NULL";"3";"20";"2015-03-26 13:30:00";"2015-03-30 16:42:00";"2015-03-30 08:00:00";"0000-00-00 00:00:00"
"34";"GK0028";"tomine";"3";"2015-03-30";"1";"1";"41040";"120";"24";"0";"0";"NULL";"3";"54";"2015-03-20 12:30:00";"2015-03-31 04:37:00";"2015-03-27 08:00:00";"0000-00-00 00:00:00"
"35";"GK0032";"rosyutu";"4";"2015-03-31";"1";"1";"41040";"120";"24";"0";"0";"NULL";"3";"32";"2015-03-25 08:00:00";"2015-03-31 05:10:00";"2015-03-27 08:00:00";"0000-00-00 00:00:00"
"36";"GK0033";"nagareru";"1";"2015-03-24";"1";"1";"38000";"240";"48";"0";"0";"NULL";"3";"41";"2015-03-25 08:00:00";"2015-03-31 17:00:00";"2015-03-16 08:00:00";"0000-00-00 00:00:00"
"37";"GK0034";"momose";"3";"2015-04-07";"1";"1";"44388";"130";"26";"0";"0";"NULL";"3";"64";"2015-03-26 08:00:00";"2015-04-01 12:00:00";"2015-03-31 08:00:00";"0000-00-00 00:00:00"
"38";"GK0037";"omori";"8";"2015-04-06";"1";"1";"41040";"120";"24";"0";"0";"NULL";"3";"61";"2015-03-26 12:00:00";"2015-04-04 17:00:00";"2015-04-04 08:00:00";"0000-00-00 00:00:00"
"39";"GK0038";"yosinaga";"7";"2015-04-08";"1";"1";"41040";"120";"24";"0";"0";"NULL";"3";"46";"2015-04-01 08:00:00";"2015-04-07 12:03:00";"2015-04-06 08:00:00";"0000-00-00 00:00:00"
"40";"GK0039";"tamaki";"7";"2015-04-07";"1";"1";"41040";"120";"24";"0";"0";"NULL";"3";"45";"2015-04-01 08:00:00";"2015-04-07 10:04:00";"2015-04-06 08:00:00";"0000-00-00 00:00:00"
"42";"GK0036";"anahiku";"1";"2015-04-08";"1";"1";"38000";"240";"48";"0";"0";"NULL";"3";"86";"2015-03-26 14:00:00";"2015-04-08 16:37:00";"2015-04-03 08:00:00";"0000-00-00 00:00:00"
"43";"GK0041";"bazcs 007";"1";"2015-04-10";"2";"1";"9000";"120";"8";"0";"0";"NULL";"3";"16";"2015-04-06 13:00:00";"2015-04-08 10:00:00";"2015-04-09 08:00:00";"0000-00-00 00:00:00"
"44";"GK0043";"scpcs 011";"1";"2015-04-10";"2";"1";"9000";"120";"8";"0";"0";"NULL";"3";"13";"2015-04-07 10:00:00";"2015-04-08 13:15:00";"2015-04-09 08:00:00";"0000-00-00 00:00:00"
"45";"GK0040";"abeno";"7";"2015-04-08";"1";"1";"41040";"120";"24";"0";"0";"NULL";"3";"47";"2015-04-02 15:00:00";"2015-04-09 10:29:00";"2015-04-07 08:00:00";"0000-00-00 00:00:00"
"46";"GK0042";"bazcs004";"1";"2015-04-10";"2";"1";"9000";"120";"8";"0";"0";"NULL";"3";"17";"2015-04-07 10:00:00";"2015-04-09 09:56:00";"2015-04-09 08:00:00";"0000-00-00 00:00:00"
"47";"GK0044";"bazcs 010";"1";"2015-04-11";"2";"1";"9000";"120";"8";"0";"0";"NULL";"3";"25";"2015-04-08 09:32:00";"2015-04-10 16:56:00";"2015-04-10 08:00:00";"0000-00-00 00:00:00"
"48";"GK0046";"hayama";"3";"2015-04-11";"1";"1";"41040";"120";"24";"0";"0";"NULL";"3";"53";"2015-04-08 15:20:00";"2015-04-11 14:10:00";"2015-04-11 08:00:00";"0000-00-00 00:00:00"
"49";"GK0045";"ucyuu mizuno";"1";"2015-04-13";"1";"1";"23750";"150";"30";"0";"0";"NULL";"3";"51";"2015-04-08 10:26:00";"2015-04-13 17:00:00";"2015-04-13 08:00:00";"0000-00-00 00:00:00"
"50";"GK0048";"scoop asadati";"1";"2015-04-13";"1";"1";"38000";"120";"24";"0";"0";"NULL";"3";"32";"2015-04-09 12:00:00";"2015-04-13 16:04:00";"2015-04-13 08:00:00";"0000-00-00 00:00:00"
"51";"GK0049";"enkou2";"4";"2015-04-21";"1";"1";"41040";"120";"24";"0";"0";"NULL";"3";"27";"2015-04-10 10:20:00";"2015-04-13 17:00:00";"2015-04-21 08:00:00";"0000-00-00 00:00:00"
"52";"GK0051";"rosyutu2";"4";"2015-04-21";"1";"1";"41040";"120";"24";"0";"0";"NULL";"3";"40";"2015-04-11 14:00:00";"2015-04-20 14:20:00";"2015-04-21 08:00:00";"0000-00-00 00:00:00"
"53";"GK0050";"kankin2";"4";"2015-04-21";"1";"1";"41040";"120";"24";"0";"0";"NULL";"3";"36";"2015-04-11 08:00:00";"2015-04-21 17:00:00";"2015-04-21 08:00:00";"0000-00-00 00:00:00"
"54";"GK0052";"oredo080";"4";"2015-04-27";"1";"1";"82080";"240";"48";"0";"0";"NULL";"3";"34";"2015-04-20 08:00:00";"2015-04-21 17:00:00";"2015-04-21 08:00:00";"0000-00-00 00:00:00"
"55";"GK0047";"osima";"3";"2015-05-09";"1";"1";"44388";"130";"26";"0";"0";"NULL";"3";"74";"2015-04-11 10:00:00";"2015-04-22 16:00:00";"2015-04-21 08:00:00";"0000-00-00 00:00:00"
"56";"GK0053";"vip054";"5";"2015-05-15";"2";"1";"38000";"240";"16";"0";"0";"NULL";"3";"43";"2015-04-20 14:20:00";"2015-04-22 12:00:00";"2015-04-21 08:00:00";"0000-00-00 00:00:00"
"57";"GK0054";"h421";"2";"2015-04-27";"1";"1";"19000";"60";"12";"0";"0";"NULL";"3";"17";"2015-04-21 08:00:00";"2015-04-23 08:10:00";"2015-04-20 08:00:00";"0000-00-00 00:00:00"
"58";"GK0055";"tubo1";"1";"2015-04-27";"2";"1";"9000";"120";"8";"0";"0";"NULL";"3";"20";"2015-04-23 12:00:00";"2015-04-24 13:30:00";"2015-04-24 08:00:00";"0000-00-00 00:00:00"
"59";"GK0056";"tubo2";"1";"2015-04-28";"2";"1";"9000";"120";"8";"0";"0";"NULL";"3";"27";"2015-04-24 09:30:00";"2015-04-24 15:20:00";"2015-04-25 08:00:00";"0000-00-00 00:00:00"
"60";"GK0057";"oiran";"7";"2015-05-01";"1";"1";"41040";"120";"24";"0";"0";"NULL";"3";"50";"2015-04-25 08:00:00";"2015-04-25 13:30:00";"2015-04-25 08:00:00";"0000-00-00 00:00:00"
"61";"GK0058";"miyabi";"3";"2015-05-07";"1";"1";"44460";"130";"26";"0";"0";"NULL";"3";"81";"2015-04-27 12:00:00";"2015-04-28 15:00:00";"2015-04-27 08:00:00";"0000-00-00 00:00:00"
"62";"GK0061";"b429";"2";"2015-04-30";"1";"1";"20520";"60";"12";"0";"0";"NULL";"3";"10";"2015-04-28 12:00:00";"2015-04-28 17:00:00";"2015-04-28 08:00:00";"0000-00-00 00:00:00"
"63";"GK0059";"hapber";"1";"2015-05-07";"1";"1";"31600";"200";"40";"0";"0";"NULL";"3";"46";"2015-04-28 16:00:00";"2015-04-29 09:00:00";"2015-04-27 08:00:00";"0000-00-00 00:00:00"
"64";"GK0060";"ingo";"7";"2015-05-07";"1";"1";"41040";"120";"24";"0";"0";"NULL";"3";"42";"2015-04-29 08:00:00";"2015-04-29 17:00:00";"2015-04-28 08:00:00";"0000-00-00 00:00:00"
"65";"GK0062";"real 001";"1";"2015-05-11";"1";"1";"33250";"210";"42";"0";"0";"NULL";"3";"54";"2015-04-30 10:00:00";"2015-04-30 17:00:00";"2015-04-30 08:00:00";"0000-00-00 00:00:00"
"107";"GK0063";"ucyu haruna";"1";"2015-05-13";"1";"1";"23750";"150";"30";"0";"0";"NULL";"3";"47";"2015-05-04 08:00:00";"2015-05-04 17:00:00";"0000-00-00 00:00:00";"0000-00-00 00:00:00"
"108";"GK0064";"natume";"7";"2015-05-08";"1";"1";"44460";"130";"26";"0";"0";"NULL";"3";"23";"2015-05-04 08:00:00";"2015-05-05 17:00:00";"0000-00-00 00:00:00";"0000-00-00 00:00:00"
"109";"GK0065";"queen 035";"7";"2015-05-12";"1";"1";"41040";"120";"24";"0";"0";"NULL";"3";"38";"2015-05-04 12:00:00";"2015-05-06 15:15:00";"0000-00-00 00:00:00";"0000-00-00 00:00:00"
"110";"GK0067";"tujii";"7";"2015-05-08";"1";"1";"41040";"120";"24";"0";"0";"NULL";"3";"39";"2015-05-04 10:30:00";"2015-05-06 13:55:00";"0000-00-00 00:00:00";"0000-00-00 00:00:00"
"111";"GK0066";"Bazooka seppun";"1";"2015-05-19";"1";"1";"38000";"240";"48";"0";"0";"NULL";"3";"59";"2015-05-04 12:00:00";"2015-05-06 17:00:00";"0000-00-00 00:00:00";"0000-00-00 00:00:00"
"112";"GK0068";"2";"2";"2015-05-08";"1";"1";"20520";"60";"12";"0";"0";"NULL";"3";"14";"2015-05-08 16:45:00";"2015-05-09 10:30:00";"0000-00-00 00:00:00";"0000-00-00 00:00:00"
"113";"GK0069";"sept suzukawa";"3";"2015-05-12";"1";"1";"44460";"130";"26";"0";"0";"NULL";"3";"43";"2015-05-11 12:00:00";"2015-05-12 15:00:00";"0000-00-00 00:00:00";"0000-00-00 00:00:00"
"114";"GK0070";"2";"2";"2015-05-18";"1";"1";"20520";"60";"12";"0";"0";"NULL";"3";"17";"2015-05-18 08:30:00";"2015-05-18 12:17:00";"0000-00-00 00:00:00";"0000-00-00 00:00:00"
"115";"GK0071";"baba";"1";"2015-05-19";"2";"1";"12000";"160";"12";"0";"0";"NULL";"3";"28";"2015-05-18 13:00:00";"2015-05-18 17:00:00";"0000-00-00 00:00:00";"0000-00-00 00:00:00"
"116";"GK0072";"ryu";"3";"2015-05-26";"1";"1";"41040";"120";"24";"0";"0";"NULL";"3";"74";"2015-05-19 08:00:00";"2015-05-21 16:00:00";"0000-00-00 00:00:00";"0000-00-00 00:00:00"
"117";"GK0073";"enko3";"4";"2015-05-26";"1";"1";"41040";"120";"24";"0";"0";"NULL";"3";"30";"2015-05-19 08:00:00";"2015-05-21 10:30:00";"0000-00-00 00:00:00";"0000-00-00 00:00:00"
"118";"GK0074";"kankin3";"4";"2015-05-25";"1";"1";"41040";"120";"24";"0";"0";"NULL";"3";"38";"2015-05-19 12:00:00";"2015-05-21 13:00:00";"0000-00-00 00:00:00";"0000-00-00 00:00:00"
"119";"GK0075";"oredo 010";"4";"2015-05-26";"1";"1";"41040";"120";"24";"0";"0";"NULL";"3";"44";"2015-05-22 08:00:00";"2015-05-22 15:15:00";"0000-00-00 00:00:00";"0000-00-00 00:00:00"
"120";"GK0076";"oredo 012";"4";"2015-05-27";"1";"1";"41040";"120";"24";"0";"0";"NULL";"3";"25";"2015-05-22 12:30:00";"2015-05-22 17:00:00";"0000-00-00 00:00:00";"0000-00-00 00:00:00"
"121";"GK0077";"baba";"1";"2015-05-27";"1";"1";"25330";"160";"28";"0";"0";"NULL";"3";"55";"2015-05-25 10:00:00";"2015-05-26 10:41:00";"0000-00-00 00:00:00";"0000-00-00 00:00:00"
"122";"GK0078";"kanon";"3";"2015-06-02";"1";"1";"51300";"150";"30";"0";"0";"NULL";"3";"44";"2015-05-26 12:00:00";"2015-05-27 10:50:00";"0000-00-00 00:00:00";"0000-00-00 00:00:00"
"123";"GK0079";"b432";"2";"2015-06-03";"1";"1";"20520";"60";"12";"0";"0";"NULL";"3";"47";"2015-05-27 08:00:00";"2015-05-27 17:00:00";"0000-00-00 00:00:00";"0000-00-00 00:00:00"
"124";"GK0080";"uehara";"3";"2015-06-08";"1";"1";"51300";"150";"30";"0";"0";"NULL";"3";"78";"2015-05-28 08:00:00";"2015-05-29 17:00:00";"0000-00-00 00:00:00";"0000-00-00 00:00:00"
"125";"GK0081";"b433";"2";"2015-06-03";"1";"1";"20520";"60";"12";"0";"0";"NULL";"3";"17";"2015-05-29 08:00:00";"2015-05-29 14:16:00";"0000-00-00 00:00:00";"0000-00-00 00:00:00"
"126";"GK0082";"ingo2";"1";"2015-06-15";"1";"1";"38000";"240";"48";"0";"0";"NULL";"3";"49";"0000-00-00 00:00:00";"2015-06-06 16:38:43";"2015-06-05 20:50:16";"0000-00-00 00:00:00"
"127";"GK0083";"ingosex";"7";"2015-06-11";"1";"5";"41040";"120";"24";"0";"0";"Mosaic size 2 point up than usual";"3";"43";"0000-00-00 00:00:00";"2015-06-09 08:55:19";"2015-06-05 20:51:06";"0000-00-00 00:00:00"
"128";"GK0084";"ingosex";"7";"2015-06-10";"1";"5";"41040";"120";"24";"0";"0";"Mosaic size 2 point up";"3";"38";"0000-00-00 00:00:00";"2015-06-09 08:56:03";"2015-06-05 20:51:59";"0000-00-00 00:00:00"
"129";"GK0085";"makihara";"7";"2015-06-11";"1";"5";"41040";"120";"24";"0";"0";"Mosaic size 2 point up";"3";"53";"0000-00-00 00:00:00";"2015-06-09 11:00:39";"2015-06-05 20:53:25";"0000-00-00 00:00:00"
"130";"GK0086";"queen043";"7";"2015-06-15";"1";"5";"41040";"120";"24";"0";"0";"Mosaic size 2 point up";"3";"53";"0000-00-00 00:00:00";"2015-06-10 11:03:44";"2015-06-05 20:54:14";"0000-00-00 00:00:00"
"131";"GK0088";"tomoka";"1";"2015-06-19";"1";"5";"23750";"150";"30";"0";"0";"Mosaic Size 2 point up";"3";"76";"0000-00-00 00:00:00";"2015-06-11 13:16:58";"2015-06-08 18:25:21";"0000-00-00 00:00:00"
"132";"GK0089";"kinosita";"7";"2015-06-12";"1";"5";"41040";"120";"24";"0";"0";"Mosaic Size 2 point up";"3";"22";"0000-00-00 00:00:00";"2015-06-11 08:33:28";"2015-06-08 18:27:54";"0000-00-00 00:00:00"
"133";"GK0087";"mask";"1";"2015-06-18";"1";"5";"33250";"210";"42";"0";"0";"Mosaic size 2 point up";"3";"17";"0000-00-00 00:00:00";"2015-06-11 13:16:26";"2015-06-08 22:56:19";"0000-00-00 00:00:00"
"134";"GK0090";"gokuraku guinama";"1";"2015-06-19";"1";"5";"38000";"240";"48";"0";"0";"NULL";"3";"50";"0000-00-00 00:00:00";"2015-06-18 10:32:28";"2015-06-10 15:53:50";"0000-00-00 00:00:00"
"135";"GK0091";"sept yuki";"3";"2015-06-18";"1";"5";"41040";"120";"24";"0";"0";"NULL";"3";"72";"0000-00-00 00:00:00";"2015-06-16 09:37:17";"2015-06-10 15:58:45";"0000-00-00 00:00:00"
"136";"GK0092";"sept miki";"3";"2015-06-18";"1";"5";"41040";"120";"24";"0";"0";"NULL";"3";"44";"0000-00-00 00:00:00";"2015-06-16 09:36:22";"2015-06-10 16:04:02";"0000-00-00 00:00:00"
"137";"GK0093";"oredo enko4";"4";"2015-06-19";"1";"5";"41040";"120";"24";"0";"0";"NULL";"3";"16";"0000-00-00 00:00:00";"2015-06-18 10:32:50";"2015-06-11 19:40:56";"0000-00-00 00:00:00"
"138";"GK0094";"oredo onsen4";"4";"2015-06-19";"1";"5";"41040";"120";"24";"0";"0";"NULL";"3";"17";"0000-00-00 00:00:00";"2015-06-18 10:33:01";"2015-06-12 11:55:50";"0000-00-00 00:00:00"
"139";"GK0095";"oredo kaihatu4";"4";"2015-06-19";"1";"5";"41040";"120";"24";"0";"0";"NULL";"3";"22";"0000-00-00 00:00:00";"2015-06-18 10:33:12";"2015-06-12 11:56:38";"0000-00-00 00:00:00"
"140";"GK0096";"oredo bukatu4";"4";"2015-06-19";"1";"5";"41040";"120";"24";"0";"0";"NULL";"3";"11";"0000-00-00 00:00:00";"2015-06-18 10:33:22";"2015-06-12 11:57:18";"0000-00-00 00:00:00"
"141";"GK0097";"oredo mensetu";"4";"2015-06-19";"1";"5";"41040";"120";"24";"0";"0";"NULL";"3";"30";"0000-00-00 00:00:00";"2015-06-18 10:33:32";"2015-06-12 17:26:03";"0000-00-00 00:00:00"
"142";"GK0098";"resyutu4";"4";"2015-06-19";"1";"5";"41040";"120";"24";"0";"0";"NULL";"3";"30";"0000-00-00 00:00:00";"2015-06-18 10:33:44";"2015-06-15 17:22:27";"0000-00-00 00:00:00"
"143";"GK0099";"h427";"2";"2015-06-24";"1";"1";"25650";"75";"15";"0";"0";"NULL";"3";"17";"0000-00-00 00:00:00";"2015-06-18 10:34:31";"2015-06-18 10:26:38";"0000-00-00 00:00:00"
"144";"GK0100";"757";"5";"2015-06-25";"1";"1";"41040";"240";"48";"0";"0";"This movie has already been editted. So please fix some OUT or Mosaic Size is not enough.You don't need to hide """;"3";"32";"0000-00-00 00:00:00";"2015-06-25 09:09:23";"2015-06-19 08:02:06";"0000-00-00 00:00:00"
"145";"GK0101";"sept kanon2";"3";"2015-06-29";"1";"5";"47880";"140";"26";"0";"0";"NULL";"3";"21";"0000-00-00 00:00:00";"2015-06-25 09:09:43";"2015-06-22 17:05:04";"0000-00-00 00:00:00"
"146";"GK0102";"sept rena";"3";"2015-06-26";"1";"5";"51300";"150";"28";"0";"0";"NULL";"3";"32";"0000-00-00 00:00:00";"2015-06-25 09:09:33";"2015-06-22 17:06:54";"0000-00-00 00:00:00"
"147";"GK0103";"porcom h428";"2";"2015-06-30";"1";"3";"22230";"65";"12";"0";"0";"-2 point than normal mosaic size";"3";"19";"0000-00-00 00:00:00";"2015-06-30 16:52:07";"2015-06-26 18:03:01";"0000-00-00 00:00:00"
"148";"GK0104";"sept miyabi2";"3";"2015-07-03";"1";"5";"41040";"120";"24";"0";"0";"NULL";"3";"68";"0000-00-00 00:00:00";"2015-07-01 11:05:29";"2015-06-29 16:05:45";"0000-00-00 00:00:00"
"149";"GK0105";"sept ami";"3";"2015-07-24";"1";"5";"47880";"140";"26";"0";"0";"NULL";"3";"71";"0000-00-00 00:00:00";"2015-07-07 10:46:16";"2015-06-30 16:16:35";"0000-00-00 00:00:00"
"150";"GK0106";"sept miyabi3";"3";"2015-07-24";"1";"5";"47880";"140";"26";"0";"0";"NULL";"3";"79";"0000-00-00 00:00:00";"2015-07-07 10:46:40";"2015-06-30 16:17:14";"0000-00-00 00:00:00"
"151";"GK0107";"porcom h429";"2";"2015-07-09";"1";"1";"23940";"70";"14";"0";"0";"NULL";"3";"27";"0000-00-00 00:00:00";"2015-07-07 10:46:53";"2015-07-01 12:17:49";"0000-00-00 00:00:00"
"152";"GK0108";"queen 053";"7";"2015-07-09";"1";"1";"37620";"110";"23";"0";"0";"???????????????????vsic?OK?????????????????????????";"3";"51";"0000-00-00 00:00:00";"2015-07-07 12:37:03";"2015-07-02 14:18:40";"0000-00-00 00:00:00"
"153";"GK0109";"queen 052";"7";"2015-07-10";"1";"1";"51300";"150";"30";"0";"0";"???????????!10??16?????????????????!";"3";"51";"0000-00-00 00:00:00";"2015-07-08 12:29:43";"2015-07-06 11:03:30";"0000-00-00 00:00:00"
"154";"GK0110";"queen md050";"7";"2015-07-14";"1";"5";"41040";"120";"24";"0";"0";"NULL";"3";"44";"0000-00-00 00:00:00";"2015-07-15 11:51:36";"2015-07-07 10:59:01";"0000-00-00 00:00:00"
"155";"GK0111";"sept pitacos";"3";"2015-07-15";"1";"5";"51300";"150";"30";"0";"0";"NULL";"3";"79";"0000-00-00 00:00:00";"2015-07-15 12:12:54";"2015-07-07 16:27:16";"0000-00-00 00:00:00"
"156";"GK0112";"queen moa";"7";"2015-07-16";"1";"1";"44460";"130";"24";"0";"0";"NULL";"3";"63";"0000-00-00 00:00:00";"2015-07-15 12:13:09";"2015-07-07 16:29:48";"0000-00-00 00:00:00"
"157";"GK0113";"sept eri";"3";"2015-07-15";"1";"5";"41040";"120";"24";"0";"0";"NULL";"3";"63";"0000-00-00 00:00:00";"2015-07-15 12:13:01";"2015-07-07 16:30:25";"0000-00-00 00:00:00"
"158";"GK0114";"gokuraku osiri";"1";"2015-07-22";"1";"1";"23250";"150";"30";"0";"0";"NULL";"3";"103";"0000-00-00 00:00:00";"2015-07-22 17:31:37";"2015-07-08 12:46:54";"0000-00-00 00:00:00"
"159";"GK0115";"queen hayakawa";"7";"2015-07-16";"1";"1";"42749";"125";"24";"0";"0";"NULL";"3";"48";"0000-00-00 00:00:00";"2015-07-16 17:46:54";"2015-07-08 15:11:23";"0000-00-00 00:00:00"
"160";"GK0116";"queen 048";"7";"2015-07-16";"1";"5";"51300";"150";"30";"0";"0";"NULL";"3";"42";"0000-00-00 00:00:00";"2015-07-16 17:53:21";"2015-07-09 10:56:23";"0000-00-00 00:00:00"
"161";"GK0117";"hot honki";"9";"2015-07-16";"1";"1";"51300";"150";"30";"0";"0";"NULL";"3";"51";"0000-00-00 00:00:00";"2015-07-16 17:54:08";"2015-07-09 13:54:30";"0000-00-00 00:00:00"
"162";"GK0118";"queen natume";"7";"2015-07-17";"1";"5";"41040";"120";"24";"0";"0";"14:00????????????";"3";"37";"0000-00-00 00:00:00";"2015-07-22 08:02:18";"2015-07-13 11:10:14";"0000-00-00 00:00:00"
"163";"GK0119";"porcom h430";"2";"2015-07-17";"1";"3";"23940";"70";"14";"0";"0";"?????????";"3";"10";"0000-00-00 00:00:00";"2015-07-17 10:16:51";"2015-07-13 13:12:17";"0000-00-00 00:00:00"
"164";"GK0120";"gokuarku yoga";"1";"2015-07-24";"1";"1";"38000";"240";"48";"0";"0";"NULL";"3";"26";"0000-00-00 00:00:00";"2015-07-20 15:06:18";"2015-07-13 16:49:19";"0000-00-00 00:00:00"
"165";"GK0121";"oredo dekajiri5";"4";"2015-07-24";"1";"5";"41040";"120";"24";"0";"0";"NULL";"3";"12";"0000-00-00 00:00:00";"2015-07-21 11:45:35";"2015-07-16 16:51:11";"0000-00-00 00:00:00"
"166";"GK0122";"oredo enko5";"4";"2015-07-24";"1";"5";"41040";"120";"24";"0";"0";"NULL";"3";"13";"0000-00-00 00:00:00";"2015-07-22 17:25:40";"2015-07-16 16:51:56";"0000-00-00 00:00:00"
"167";"GK0123";"oredo kaihatu5";"4";"2015-07-24";"1";"5";"41040";"120";"24";"0";"0";"NULL";"3";"19";"0000-00-00 00:00:00";"2015-07-22 17:25:31";"2015-07-16 16:52:32";"0000-00-00 00:00:00"
"168";"GK0124";"oredo dousei5";"4";"2015-07-24";"1";"5";"41040";"120";"24";"0";"0";"NULL";"3";"33";"0000-00-00 00:00:00";"2015-07-24 12:41:11";"2015-07-16 16:53:00";"0000-00-00 00:00:00"
"169";"GK0125";"oredo bukatu5";"4";"2015-07-24";"1";"5";"41040";"120";"24";"0";"0";"NULL";"3";"23";"0000-00-00 00:00:00";"2015-07-22 17:25:57";"2015-07-16 16:53:36";"0000-00-00 00:00:00"
"170";"GK0126";"oredo mensetu5";"4";"2015-07-24";"1";"5";"41040";"120";"24";"0";"0";"NULL";"3";"23";"0000-00-00 00:00:00";"2015-07-22 17:26:06";"2015-07-16 16:54:36";"0000-00-00 00:00:00"
"171";"GK0127";"gokuraku nikujiri";"1";"2015-07-24";"1";"1";"28500";"180";"18";"0";"0";"NULL";"3";"54";"0000-00-00 00:00:00";"2015-07-28 09:40:08";"2015-07-17 13:48:00";"0000-00-00 00:00:00"
"172";"GK0128";"gokuraku katekyo";"1";"2015-07-24";"1";"1";"38000";"240";"48";"0";"0";"NULL";"3";"63";"0000-00-00 00:00:00";"2015-07-28 09:40:17";"2015-07-17 13:50:25";"0000-00-00 00:00:00"
"173";"GK0129";"porcom h431";"2";"2015-07-28";"1";"1";"27356";"80";"15";"0";"0";"???????????????!";"3";"21";"0000-00-00 00:00:00";"2015-07-27 08:22:10";"2015-07-22 16:43:52";"0000-00-00 00:00:00"
"174";"GK0130";"sept sena2";"3";"2015-07-31";"1";"5";"51300";"150";"30";"0";"0";"NULL";"3";"37";"0000-00-00 00:00:00";"2015-07-28 11:02:00";"2015-07-24 11:17:11";"0000-00-00 00:00:00"
"175";"GK0131";"porcom ucyu";"2";"2015-07-24";"1";"3";"44460";"130";"24";"0";"0";"???????????!";"3";"26";"0000-00-00 00:00:00";"2015-07-24 15:52:50";"2015-07-24 11:17:51";"0000-00-00 00:00:00"
"176";"GK0132";"gokuraku scoop 10";"1";"2015-07-30";"2";"1";"9000";"120";"12";"0";"0";"?????";"3";"18";"0000-00-00 00:00:00";"2015-07-29 16:59:54";"2015-07-24 11:20:38";"0000-00-00 00:00:00"
"177";"GK0133";"gokuraku scoop11";"1";"2015-07-31";"2";"1";"9000";"120";"12";"0";"0";"NULL";"3";"14";"0000-00-00 00:00:00";"2015-07-29 17:00:33";"2015-07-24 18:07:42";"0000-00-00 00:00:00"
"178";"GK0134";"gokuraku scoop12";"1";"2015-07-31";"2";"1";"9000";"120";"12";"0";"0";"NULL";"3";"10";"0000-00-00 00:00:00";"2015-07-28 10:52:27";"2015-07-24 18:08:15";"0000-00-00 00:00:00"
"179";"GK0135";"gokuraku baz10";"1";"2015-07-30";"2";"1";"9000";"120";"12";"0";"0";"NULL";"3";"17";"0000-00-00 00:00:00";"2015-07-29 17:00:15";"2015-07-24 18:08:56";"0000-00-00 00:00:00"
"180";"GK0136";"gokuraku baz11";"1";"2015-07-31";"2";"1";"9000";"120";"12";"0";"0";"NULL";"3";"33";"0000-00-00 00:00:00";"2015-07-30 09:26:26";"2015-07-24 18:11:08";"0000-00-00 00:00:00"
"181";"GK0137";"gokuraku baz12";"1";"2015-07-31";"2";"1";"9000";"120";"12";"0";"0";"NULL";"3";"24";"0000-00-00 00:00:00";"2015-07-29 17:02:08";"2015-07-24 18:11:38";"0000-00-00 00:00:00"
"182";"GK0139";"porcom h432";"2";"2015-08-04";"1";"3";"23940";"70";"12";"0";"0";"??????????????????????!";"3";"16";"0000-00-00 00:00:00";"2015-07-31 17:56:15";"2015-07-30 14:08:24";"0000-00-00 00:00:00"
"183";"GK0138";"porcom r466";"2";"2015-08-05";"1";"1";"37620";"110";"24";"0";"0";"????vsic????????";"3";"18";"0000-00-00 00:00:00";"2015-07-31 17:51:17";"2015-07-30 14:09:20";"0000-00-00 00:00:00"
"184";"GK0140";"gokuraku panst";"1";"2015-08-12";"1";"1";"31666";"200";"40";"0";"0";"NULL";"3";"65";"0000-00-00 00:00:00";"2015-08-06 10:55:49";"2015-08-03 17:01:39";"0000-00-00 00:00:00"
"185";"GK0141";"gokuraku mansyon2";"1";"2015-08-13";"1";"1";"38000";"240";"48";"0";"0";"NULL";"3";"69";"0000-00-00 00:00:00";"2015-08-07 14:39:44";"2015-08-03 22:07:37";"0000-00-00 00:00:00"
"186";"GK0142";"oredo asahi";"4";"2015-08-06";"1";"5";"41040";"120";"24";"0";"0";"???!";"3";"28";"0000-00-00 00:00:00";"2015-08-06 14:20:37";"2015-08-04 12:37:21";"0000-00-00 00:00:00"
"187";"GK0143";"porcom r467";"2";"2015-08-11";"1";"1";"32504";"95";"16";"0";"0";"vsic???????";"3";"15";"0000-00-00 00:00:00";"2015-08-07 13:26:41";"2015-08-05 21:37:34";"0000-00-00 00:00:00"
"188";"GK0144";"porcom h434";"2";"2015-08-11";"1";"3";"22230";"65";"12";"0";"0";"????????????????????";"3";"9";"0000-00-00 00:00:00";"2015-08-07 14:44:49";"2015-08-05 21:38:38";"0000-00-00 00:00:00"
"189";"GK0145";"gokuraku hina";"1";"2015-08-17";"1";"1";"19000";"120";"24";"0";"0";"NULL";"1";"27";NULL;NULL;"2015-08-06 18:22:56";"2015-08-11 13:37:44"
"190";"GK0146";"queen 057";"7";"2015-08-17";"1";"5";"41040";"120";"24";"0";"0";"NULL";"1";"0";NULL;NULL;"2015-08-07 19:13:49";"0000-00-00 00:00:00"
"191";"GK0147";"sept konisi";"3";"2015-08-18";"1";"5";"41040";"120";"24";"0";"0";"NULL";"1";"0";NULL;NULL;"2015-08-07 19:25:02";"0000-00-00 00:00:00"
